periode_data,triwulan,bulan,wilayah,kecamatan,kelurahan,alamat,koordinat_x,koordinat_y,penyebab_bencana,jumlah_sarana_yang_rusak,jumlah_korban_meninggal,jumlah_korban_luka,jumlah_pengungsi,jumlah_nilai_kerugian
202503,1,1,"KOTA ADM. JAKARTA BARAT","KALI DERES",PEGADUNGAN,"Jl. Permata Taman Palem Blok A7 No. 27 RT.08 RW. 03",-6.130504528250168," 106.70853402181892","Korsleting Listrik","1 Rumah Tinggal, 0 Semi Permanen, 0 Gedung, 0 Gudang, 0 Kios/Ruko, 0 Lainnya",0,0,0,3000000
202503,1,1,"KOTA ADM. JAKARTA BARAT",KEMBANGAN,"MERUYA UTARA","Jl. H. Lebar RT.001 RW.010",-6.200532543746928," 106.7309141281526","Korsleting Listrik","0 Rumah Tinggal, 0 Semi Permanen, 0 Gedung, 0 Gudang, 4 Kios/Ruko, 0 Lainnya",0,0,0,146000000
202503,1,1,"KOTA ADM. JAKARTA BARAT","TAMAN SARI","MANGGA BESAR","Jl. Pinangsia Raya No.1, RT.1 RW.6",-6.142026700246969," 106.81649648990818",-,"0 Rumah Tinggal, 0 Semi Permanen, 1 Gedung, 0 Gudang, 0 Kios/Ruko, 0 Lainnya",3,9,0,2090700000000
202503,1,1,"KOTA ADM. JAKARTA BARAT",CENGKARENG,"DURI KOSAMBI","Jl.  Raya Kresek, RT.04/RW.014",-6.154596162307336," 106.71641148464904","Korsleting Listrik","0 Rumah Tinggal, 0 Semi Permanen, 0 Gedung, 0 Gudang, 1 Kios/Ruko, 0 Lainnya",0,0,0,2500000
202503,1,1,"KOTA ADM. JAKARTA BARAT","GROGOL PETAMBURAN","WIJAYA KUSUMA","Jl Bidara No.59 Rt 05 / 02",-6.152252846452936," 106.7765080853024"," Bara Bekas Bakar Ikan Mengenai Alas Dak Kayu","1 Rumah Tinggal, 0 Semi Permanen, 0 Gedung, 0 Gudang, 0 Kios/Ruko, 0 Lainnya",0,0,0,2000000
202503,1,1,"KOTA ADM. JAKARTA BARAT",PALMERAH,KEMANGGISAN,"Jl. Haji Saili Blok F no.46 RT 005 RW 005",-6.191795328647843," 106.79368026005801","Korsleting Listrik","1 Rumah Tinggal, 0 Semi Permanen, 0 Gedung, 0 Gudang, 0 Kios/Ruko, 0 Lainnya",0,0,0,10000000
202503,1,1,"KOTA ADM. JAKARTA BARAT",KEMBANGAN,"MERUYA SELATAN","Jl. H. Berit RT 001 RW 004",-6.199599274893039," 106.72398470710765","Korek Api","1 Rumah Tinggal, 0 Semi Permanen, 0 Gedung, 0 Gudang, 0 Kios/Ruko, 0 Lainnya",0,1,0,400000000
202503,1,1,"KOTA ADM. JAKARTA BARAT",TAMBORA,"JEMBATAN BESI","Jl. Jembatan Besi 2, RT.07 RW.01",-6.149557165636981," 106.79476765142422","Korsleting Listrik","1 Rumah Tinggal, 0 Semi Permanen, 0 Gedung, 0 Gudang, 0 Kios/Ruko, 0 Lainnya",0,0,0,50500000
202503,1,1,"KOTA ADM. JAKARTA BARAT","KALI DERES",KAMAL,"Jln. Kebon Kelapa, RT 005 / RW. 02",-6.101026284944928," 106.70709983552523","Korsleting Listrik","1 Rumah Tinggal, 0 Semi Permanen, 0 Gedung, 0 Gudang, 0 Kios/Ruko, 0 Lainnya",0,0,0,150000000
202503,1,1,"KOTA ADM. JAKARTA BARAT","KEBON JERUK","KEDOYA SELATAN","Jl. Azalea VII Blok A RT 004 RW 004",-6.183936001173104," 106.76292379401097","Korsleting Listrik","1 Rumah Tinggal, 0 Semi Permanen, 0 Gedung, 0 Gudang, 0 Kios/Ruko, 0 Lainnya",0,0,0,70000000
202503,1,1,"KOTA ADM. JAKARTA BARAT","KALI DERES",SEMANAN,"Jl. Semanan Raya RT.03 RW.06 Titik Kenal SMK Satria ",-6.164224663059314," 106.70532199946702","Percikan Las Listrik   ","0 Rumah Tinggal, 0 Semi Permanen, 0 Gedung, 0 Gudang, 0 Kios/Ruko, 0 Lainnya",0,0,0,30000000
202503,1,1,"KOTA ADM. JAKARTA BARAT",KEMBANGAN,SRENGSENG,"Jl. Srengseng Raya RT.06 RW.06 Titik Kenal SMK Satria.",-6.203006805940037," 106.75701065010593",Gas,"1 Rumah Tinggal, 0 Semi Permanen, 0 Gedung, 0 Gudang, 0 Kios/Ruko, 0 Lainnya",0,0,0,2000000
202503,1,1,"KOTA ADM. JAKARTA BARAT",TAMBORA,TAMBORA,"Jl. Perniagaan RT. 009/RW. 01",-6.140850268574335," 106.80808631350874",Gas,"0 Rumah Tinggal, 0 Semi Permanen, 0 Gedung, 0 Gudang, 1 Kios/Ruko, 0 Lainnya",0,0,0,22000000
202503,1,1,"KOTA ADM. JAKARTA BARAT","KALI DERES",PEGADUNGAN,"Jln, Kebahagiaan tabachi RT.07/ RW.11. ",-6.141076119021819," 106.70879542577163","Korsleting Listrik","0 Rumah Tinggal, 0 Semi Permanen, 0 Gedung, 1 Gudang, 0 Kios/Ruko, 0 Lainnya",0,0,0,1000000
202503,1,1,"KOTA ADM. JAKARTA BARAT",KEMBANGAN,"KEMBANGAN UTARA","Jl. Kampung Salo RT.004 RW.004",-6.16272959060253," 106.75333632441638","Korsleting Listrik","1 Rumah Tinggal, 0 Semi Permanen, 0 Gedung, 0 Gudang, 0 Kios/Ruko, 0 Lainnya",0,2,2,80000000
202503,1,1,"KOTA ADM. JAKARTA BARAT","KALI DERES",KALIDERES,"Jl. Daan Mogot Raya Km 18 Kel. Kalideres, Kec. Kalideres",-6.154901936940878," 106.69331662384364",Gas,"0 Rumah Tinggal, 0 Semi Permanen, 0 Gedung, 4 Gudang, 0 Kios/Ruko, 0 Lainnya",0,2,0,25136160000
202503,1,1,"KOTA ADM. JAKARTA BARAT",CENGKARENG,"CENGKARENG BARAT","Jl. Pulo Harapan Indah RT.07 RW.10",-6.13096903588825," 106.72211836207596","Korsleting Listrik","1 Rumah Tinggal, 0 Semi Permanen, 0 Gedung, 0 Gudang, 0 Kios/Ruko, 0 Lainnya",0,0,0,1000000
202503,1,1,"KOTA ADM. JAKARTA PUSAT","SAWAH BESAR","MANGGA DUA SELATAN","Jl. Pangeran Jayakarta No 28 RT.06 RW.04",-6.1400959807757705," 106.82610838950737","Kompor Gas","0 Rumah Tinggal, 22 Semi Permanen, 0 Gedung, 0 Gudang, 0 Kios/Ruko, 0 Lainnya",0,0,205,475000000
202503,1,1,"KOTA ADM. JAKARTA PUSAT",KEMAYORAN,"KEBON KOSONG","Jl. Kemayoran Gempol RT. 01 s.d RT 011 RW. 04",-6.161880068381292," 106.85118032759893",Gas,"543 Rumah Tinggal, 0 Semi Permanen, 0 Gedung, 0 Gudang, 0 Kios/Ruko, 0 Lainnya",0,0,1797,0
202503,1,1,"KOTA ADM. JAKARTA PUSAT",KEMAYORAN,"KEBON KOSONG","Jln. Siaga Titik Kenal SMKN 21 Gempol No 15 Rt 08/06",-6.15807979157842," 106.85460950903212","Korsleting Listrik","30 Rumah Tinggal, 0 Semi Permanen, 0 Gedung, 0 Gudang, 0 Kios/Ruko, 0 Lainnya",0,0,105,700000000
202503,1,1,"KOTA ADM. JAKARTA PUSAT","CEMPAKA PUTIH","CEMPAKA PUTIH TIMUR"," Jln. Cempaka Putih Tengah No. 27 3A-1 Blok A2, RT.7/RW.7",-6.170259466916208," 106.87335882020139","Korsleting Listrik","1 Rumah Tinggal, 0 Semi Permanen, 0 Gedung, 0 Gudang, 3 Kios/Ruko, 0 Lainnya",0,0,0,700000000
202503,1,1,"KOTA ADM. JAKARTA PUSAT","SAWAH BESAR","MANGGA DUA SELATAN","Jl. Mangga Besar XIII, RT. 01,03,04 RW.02",-6.14685759962691," 106.82689513421205","Korsleting Listrik","15 Rumah Tinggal, 0 Semi Permanen, 0 Gedung, 0 Gudang, 0 Kios/Ruko, 0 Lainnya",0,3,46,0
202503,1,1,"KOTA ADM. JAKARTA PUSAT","TANAH ABANG",GELORA,"Jln. Jenderal Sudirman Rt 01/03",-6.223384114354494," 106.80580179747321","Over Heat ","0 Rumah Tinggal, 0 Semi Permanen, 1 Gedung, 0 Gudang, 0 Kios/Ruko, 0 Lainnya",0,0,0,5000000
202503,1,1,"KOTA ADM. JAKARTA PUSAT",KEMAYORAN,"UTAN PANJANG","Jl. Utan Panjang 3 No.1 RT 005 RW 007",-6.168467231785816," 106.85296172020084","Korsleting Listrik","1 Rumah Tinggal, 0 Semi Permanen, 0 Gedung, 0 Gudang, 0 Kios/Ruko, 0 Lainnya",0,0,0,500000
202503,1,1,"KOTA ADM. JAKARTA PUSAT",KEMAYORAN,"GUNUNG SAHARI SELATAN","Jln. Bungur Besar 19 No. 10",-6.159043222081435," 106.84042197416962","Korsleting Listrik","1 Rumah Tinggal, 0 Semi Permanen, 0 Gedung, 0 Gudang, 0 Kios/Ruko, 0 Lainnya",0,0,0,5000000
202503,1,1,"KOTA ADM. JAKARTA PUSAT",KEMAYORAN,"UTAN PANJANG","Jl. Utan Panjang 3 RT 015 RW 003 ",-6.164991611096714," 106.85389194294282","Kompor Gas","3 Rumah Tinggal, 0 Semi Permanen, 0 Gedung, 0 Gudang, 0 Kios/Ruko, 0 Lainnya",0,2,0,157472000
202503,1,1,"KOTA ADM. JAKARTA PUSAT","CEMPAKA PUTIH",RAWASARI,"Jl. Percetakan Negara 9B RT 007 RW 004",-6.189334008683573," 106.86202538916856","Korsleting Listrik","0 Rumah Tinggal, 0 Semi Permanen, 0 Gedung, 0 Gudang, 1 Kios/Ruko, 0 Lainnya",0,3,0,2400000000
202503,1,1,"KOTA ADM. JAKARTA SELATAN",JAGAKARSA,CIGANJUR,"Jl. Pasir Komp Torina Prakview Kav 25, RT.09/RW.01 ",-6.335113499809883," 106.80292403377095","Korsleting Listrik","1 Rumah Tinggal, 0 Semi Permanen, 0 Gedung, 0 Gudang, 0 Kios/Ruko, 0 Lainnya",0,0,0,25000000
202503,1,1,"KOTA ADM. JAKARTA SELATAN","MAMPANG PRAPATAN",BANGKA,"Jln. Bangka 8 C , RT.03 RW.13, Kel. Bangka, Kec. Mampang Prapatan",-6.249503635073095," 106.82131677093844",Petasan,"1 Rumah Tinggal, 0 Semi Permanen, 0 Gedung, 0 Gudang, 0 Kios/Ruko, 0 Lainnya",0,0,0,15000000
202503,1,1,"KOTA ADM. JAKARTA SELATAN",CILANDAK,"CIPETE SELATAN","Jl. Anggur 3 No.26, RT. 12 RW. 06",-6.275090475352182," 106.80405832817321","Putung Rokok","1 Rumah Tinggal, 0 Semi Permanen, 0 Gedung, 0 Gudang, 0 Kios/Ruko, 0 Lainnya",0,0,0,20000000
202503,1,1,"KOTA ADM. JAKARTA SELATAN","KEBAYORAN BARU","CIPETE UTARA","Jl. Damai Raya RT 005 RW 001",-6.259630797942564," 106.80293691065596",Gas,"1 Rumah Tinggal, 0 Semi Permanen, 0 Gedung, 0 Gudang, 0 Kios/Ruko, 0 Lainnya",0,0,0,1500000
202503,1,1,"KOTA ADM. JAKARTA SELATAN",JAGAKARSA,"SRENGSENG SAWAH","Jl. Moh Kahfi II RT 007 RW 008",-6.343526633674732," 106.81729597804708",Gas,"0 Rumah Tinggal, 0 Semi Permanen, 0 Gedung, 0 Gudang, 1 Kios/Ruko, 0 Lainnya",0,0,0,20000000
202503,1,1,"KOTA ADM. JAKARTA SELATAN","KEBAYORAN LAMA","KEBAYORAN LAMA SELATAN","Jl. Tanah Kusir III RT.05 RW.09 Nomer 68",-6.259070071684364," 106.77804739965337","Korsleting Listrik","1 Rumah Tinggal, 0 Semi Permanen, 0 Gedung, 0 Gudang, 0 Kios/Ruko, 0 Lainnya",0,0,0,505000000
202503,1,1,"KOTA ADM. JAKARTA SELATAN","KEBAYORAN BARU","GANDARIA UTARA","Jl. Petogogan, Gg. 4, RT. 006 RW. 011",-6.251719558156288," 106.79476708114652","Korsleting Listrik","5 Rumah Tinggal, 0 Semi Permanen, 0 Gedung, 0 Gudang, 0 Kios/Ruko, 0 Lainnya",0,0,30,351500000
202503,1,1,"KOTA ADM. JAKARTA SELATAN",PANCORAN,KALIBATA,"Jln.  Kalibata Selatan 2 RT.01 RW.03",-6.264347577926879," 106.84116895099906","Korsleting Listrik","1 Rumah Tinggal, 0 Semi Permanen, 0 Gedung, 0 Gudang, 0 Kios/Ruko, 0 Lainnya",0,0,0,237585000
202503,1,1,"KOTA ADM. JAKARTA SELATAN",JAGAKARSA,CIPEDAK,"Jl. Aselih RT.12 RW.01",-6.350988266945685," 106.79822425888041","Korsleting Listrik","0 Rumah Tinggal, 1 Semi Permanen, 0 Gedung, 0 Gudang, 0 Kios/Ruko, 0 Lainnya",0,0,0,15000000
202503,1,1,"KOTA ADM. JAKARTA SELATAN","PASAR MINGGU","CILANDAK TIMUR","Jln. Ampera Raya No.1, RT.1/RW.6 (Belakang Kampus IPDN)",-6.283448463992509," 106.81837615886133","Korsleting Listrik","1 Rumah Tinggal, 0 Semi Permanen, 0 Gedung, 0 Gudang, 0 Kios/Ruko, 0 Lainnya",0,0,42,210000000
202503,1,1,"KOTA ADM. JAKARTA SELATAN","PASAR MINGGU","PEJATEN TIMUR","Jl. Raya Pasar Minggu No.1 RT 005 RW 007",-6.270476862150786," 106.8467414202292","Korsleting Listrik","0 Rumah Tinggal, 0 Semi Permanen, 0 Gedung, 0 Gudang, 1 Kios/Ruko, 0 Lainnya",0,0,0,100000000
202503,1,1,"KOTA ADM. JAKARTA SELATAN",CILANDAK,"CILANDAK BARAT"," Jl. R.A. Kartini No.Kav. 8",-6.294332267919858," 106.78464578465682","Korsleting Listrik","0 Rumah Tinggal, 0 Semi Permanen, 1 Gedung, 0 Gudang, 0 Kios/Ruko, 0 Lainnya",0,0,0,50000000
202503,1,1,"KOTA ADM. JAKARTA SELATAN","MAMPANG PRAPATAN","KUNINGAN BARAT","Jl. Gatot Subroto No. 14 RT.006 RW.001 ",-6.231360127849574," 106.81896868737947",Gas,"0 Rumah Tinggal, 0 Semi Permanen, 0 Gedung, 0 Gudang, 1 Kios/Ruko, 0 Lainnya",0,0,0,15000000
202503,1,1,"KOTA ADM. JAKARTA SELATAN",TEBET,MANGGARAI,"Jl. Manggarai Utara 1, No. 21, RT.15/RW.04",-6.210925786461648," 106.8515169693158","Korsleting Listrik","0 Rumah Tinggal, 0 Semi Permanen, 1 Gedung, 0 Gudang, 0 Kios/Ruko, 0 Lainnya",0,0,0,589360000
202503,1,1,"KOTA ADM. JAKARTA SELATAN","KEBAYORAN LAMA","GROGOL SELATAN","Jl. Terusan Hang Lekir RT.06 RW.08",-6.2293742024591365," 106.79150523409183","Korsleting Listrik","1 Rumah Tinggal, 0 Semi Permanen, 0 Gedung, 0 Gudang, 0 Kios/Ruko, 0 Lainnya",1,0,0,674000000
202503,1,1,"KOTA ADM. JAKARTA TIMUR",CIRACAS,"KELAPA DUA WETAN","Jl. Residence RT.007 RW.001",-6.344727315286301," 106.8858469225673","Korsleting Listrik","1 Rumah Tinggal, 0 Semi Permanen, 0 Gedung, 0 Gudang, 0 Kios/Ruko, 0 Lainnya",0,0,0,10000000
202503,1,1,"KOTA ADM. JAKARTA TIMUR","DUREN SAWIT","PONDOK KELAPA","Jl. Lidi Blok A18 No.63 RT04/04",-6.247000481190164," 106.93294822022241","Korsleting Listrik","1 Rumah Tinggal, 0 Semi Permanen, 0 Gedung, 0 Gudang, 0 Kios/Ruko, 0 Lainnya",0,0,0,15000000
202503,1,1,"KOTA ADM. JAKARTA TIMUR",CIRACAS,SUSUKAN,"Jl. H Jusin, RT.007  RW.001 ",-6.313366028262718," 106.86376636435902","Tumpukan Sampah","1 Rumah Tinggal, 0 Semi Permanen, 0 Gedung, 0 Gudang, 0 Kios/Ruko, 0 Lainnya",0,0,0,60000000
202503,1,1,"KOTA ADM. JAKARTA TIMUR","PULO GADUNG",RAWAMANGUN,"Jl. Kedondong No.16B, RT. 1 RW. 08",-6.201535588846886," 106.88974574943342","Minyak Panas dan Api Membesar","1 Rumah Tinggal, 0 Semi Permanen, 0 Gedung, 0 Gudang, 0 Kios/Ruko, 0 Lainnya",0,0,0,5000000
202503,1,1,"KOTA ADM. JAKARTA TIMUR","PULO GADUNG","KAYU PUTIH","Jl. Metro Jaya RT.02 RW. 09",-6.181822553915456," 106.876697166776","Korek Api","1 Rumah Tinggal, 0 Semi Permanen, 0 Gedung, 0 Gudang, 0 Kios/Ruko, 0 Lainnya",0,0,0,75000000
202503,1,1,"KOTA ADM. JAKARTA TIMUR",CIPAYUNG,SETU,"Jl. Kramat Aris RT.004 RW.003",-6.3155340464665946," 106.90799665887049","Korsleting Listrik","0 Rumah Tinggal, 0 Semi Permanen, 1 Gedung, 0 Gudang, 0 Kios/Ruko, 0 Lainnya",0,0,0,600000000
202503,1,1,"KOTA ADM. JAKARTA TIMUR",CIRACAS,RAMBUTAN,"SMP 188",-6.308166709683402," 106.87738805886805","Korsleting Listrik","0 Rumah Tinggal, 0 Semi Permanen, 0 Gedung, 0 Gudang, 1 Kios/Ruko, 0 Lainnya",0,0,0,100000000
202503,1,1,"KOTA ADM. JAKARTA TIMUR",CAKUNG,"CAKUNG BARAT","Komplek TNI AD  Jl. Asrama Ad 2, RT.002 RW.006",-6.180158747631487," 106.93379841874598","Korsleting Listrik","0 Rumah Tinggal, 0 Semi Permanen, 0 Gedung, 1 Gudang, 0 Kios/Ruko, 0 Lainnya",0,0,0,20000000
202503,1,1,"KOTA ADM. JAKARTA TIMUR",JATINEGARA,"CIPINANG MUARA","Jl Cipinang Muara Raya RT 001 RW 003",-6.2271246797092," 106.88329741063306","Korsleting Listrik","1 Rumah Tinggal, 0 Semi Permanen, 0 Gedung, 0 Gudang, 0 Kios/Ruko, 0 Lainnya",0,0,0,50000000
202503,1,1,"KOTA ADM. JAKARTA TIMUR","KRAMAT JATI","BALE KAMBANG","Jl. Jembatan 3 Gg.Abdul Rachman RT 8 RW 5 No.36",-6.284273160410427," 106.84924972441728","Puntung Rokok","0 Rumah Tinggal, 0 Semi Permanen, 0 Gedung, 0 Gudang, 1 Kios/Ruko, 0 Lainnya",0,0,0,35000000
202503,1,1,"KOTA ADM. JAKARTA TIMUR","DUREN SAWIT","PONDOK KELAPA","Jl. Pondok Kelapa Selatan II No.9 RT 001 RW 005",-6.24986697595988," 106.93522987288361","Korsleting Listrik","1 Rumah Tinggal, 0 Semi Permanen, 0 Gedung, 0 Gudang, 0 Kios/Ruko, 0 Lainnya",0,0,0,5000000
202503,1,1,"KOTA ADM. JAKARTA TIMUR",JATINEGARA,"CIPINANG MUARA","Jl. Cipinang Lontar, RT. 15 RW. 06",-6.214804170774676," 106.88978054349953",Kompor,"13 Rumah Tinggal, 0 Semi Permanen, 0 Gedung, 0 Gudang, 0 Kios/Ruko, 0 Lainnya",0,1,75,1500000000
202503,1,1,"KOTA ADM. JAKARTA TIMUR",CAKUNG,"CAKUNG TIMUR"," Jl. Kandang Sapi, Gg. Haji Hamza, RT. 11/RW. 06",-6.165288089545228," 106.9482604695246","Korsleting Listrik","1 Rumah Tinggal, 0 Semi Permanen, 0 Gedung, 0 Gudang, 0 Kios/Ruko, 0 Lainnya",1,0,0,150000000
202503,1,1,"KOTA ADM. JAKARTA TIMUR",MAKASAR,"PINANG RANTI","Jl. Pinang Ranti II No. 30, RT.10 RW.01",-6.286188354274155," 106.884558974205","Korsleting Listrik","0 Rumah Tinggal, 0 Semi Permanen, 0 Gedung, 0 Gudang, 1 Kios/Ruko, 0 Lainnya",0,0,0,500000000
202503,1,1,"KOTA ADM. JAKARTA TIMUR","PASAR REBO",PEKAYON,"Jl. Pendidikan No. 81 RT. 11 RW. 19",-6.34513278829806," 106.86068925887857","Api Berasal Dari Motor Gremor (Motor Roda 3)","0 Rumah Tinggal, 1 Semi Permanen, 0 Gedung, 0 Gudang, 0 Kios/Ruko, 0 Lainnya",0,0,0,5000000
202503,1,1,"KOTA ADM. JAKARTA UTARA",PENJARINGAN,PENJARINGAN,"Jln. Muara Baru Ujung Gedung Pompa, RT.20/RW.17",-6.110855187768433," 106.79868905881332","Korsleting Listrik","2 Rumah Tinggal, 0 Semi Permanen, 0 Gedung, 0 Gudang, 0 Kios/Ruko, 0 Lainnya",0,0,0,300000000
202503,1,1,"KOTA ADM. JAKARTA UTARA",CILINCING,CILINCING,"Jl. Alteri Cakung drain RT. 11  RW. 06",-6.154897858651471," 106.93802667500661",Petasan,"0 Rumah Tinggal, 9 Semi Permanen, 0 Gedung, 0 Gudang, 1 Kios/Ruko, 0 Lainnya",0,1,0,350000000
202503,1,1,"KOTA ADM. JAKARTA UTARA",PADEMANGAN,"PADEMANGAN BARAT","Jl. Budi Mulia No.9, RT.01 RW.11",-6.13344583877743," 106.83609463553411","Korsleting Listrik","0 Rumah Tinggal, 0 Semi Permanen, 0 Gedung, 0 Gudang, 1 Kios/Ruko, 0 Lainnya",0,0,0,2000000
202503,1,1,"KOTA ADM. JAKARTA UTARA",PENJARINGAN,PLUIT,"Jl. Komp. Bermis RT.6/RW.1",-6.110288587958071," 106.77307141278455","Peningkatan suhu panas dan bahan bakar berlebih (Tungku Arang Kayu)","0 Rumah Tinggal, 0 Semi Permanen, 0 Gedung, 0 Gudang, 1 Kios/Ruko, 0 Lainnya",0,0,0,1000000
202503,1,1,"KOTA ADM. JAKARTA UTARA",KOJA,KOJA,"Jl. Cipeucang II No.41 RT 005 RW 013",-6.1128743303484185," 106.90186416582715","Korsleting Listrik","1 Rumah Tinggal, 0 Semi Permanen, 0 Gedung, 0 Gudang, 0 Kios/Ruko, 0 Lainnya",0,0,0,20000000
202503,1,1,"KOTA ADM. JAKARTA UTARA",PENJARINGAN,"KAPUK MUARA","Jln. Vila Kapuk Mas RT 011/05",-6.130038973462547," 106.76922700664804","Korsleting Listrik","1 Rumah Tinggal, 0 Semi Permanen, 0 Gedung, 0 Gudang, 0 Kios/Ruko, 0 Lainnya",0,0,0,50000000
202503,1,1,"KOTA ADM. JAKARTA UTARA",KOJA,"RAWA BADAK UTARA","Jl. Alur Laut Utara No 1, RT.02 RW.09",-6.12869997733323," 106.8989805802372",Petasan,"0 Rumah Tinggal, 0 Semi Permanen, 1 Gedung, 0 Gudang, 0 Kios/Ruko, 0 Lainnya",0,0,0,0
202503,1,1,"KOTA ADM. JAKARTA UTARA","TANJUNG PRIOK","TANJUNG PRIOK","Jl. RE. Martadinata (Pos 1 Tanjung Priok), Rt. 07/Rw. 07",-6.113537915582083," 106.87426114347127","Korsleting Listrik","0 Rumah Tinggal, 1 Semi Permanen, 0 Gedung, 0 Gudang, 2 Kios/Ruko, 0 Lainnya",0,0,0,50000000
202503,1,1,"KOTA ADM. JAKARTA UTARA","KELAPA GADING","KELAPA GADING TIMUR","Jln. Boulevard Raya No.20 Blok FY1, RT 008/013 Titik Kenal Salon Moir Kelapa Gading",-6.161644168403981," 106.9048257588273","Korsleting Listrik","0 Rumah Tinggal, 0 Semi Permanen, 0 Gedung, 0 Gudang, 1 Kios/Ruko, 0 Lainnya",0,0,0,5000000
202503,1,2,"KOTA ADM. JAKARTA BARAT","GROGOL PETAMBURAN","JELAMBAR BARU","Jl. Jelambar selatan, RT.002/RW.003",-6.148641574473638," 106.78470792653214","Korsleting Listrik","3 Rumah Tinggal, 0 Semi Permanen, 0 Gedung, 0 Gudang, 0 Kios/Ruko, 0 Lainnya",0,2,0,431360000
202503,1,2,"KOTA ADM. JAKARTA BARAT",PALMERAH,"KOTA BAMBU UTARA","Jl. Katalia I No.33, RT.5 RW.8",-6.181434582048891," 106.79987411280445","Korsleting Listrik","1 Rumah Tinggal, 0 Semi Permanen, 0 Gedung, 0 Gudang, 0 Kios/Ruko, 0 Lainnya",0,0,0,5000000
202503,1,2,"KOTA ADM. JAKARTA BARAT","KALI DERES",KAMAL,"Jl. Prepedan Raya RT 04 RW 07",-6.113187513600455," 106.70825865317371","Diduga orang dengan gangguan jiwa yang sedang membakar puing","0 Rumah Tinggal, 0 Semi Permanen, 0 Gedung, 1 Gudang, 0 Kios/Ruko, 0 Lainnya",0,0,0,0
202503,1,2,"KOTA ADM. JAKARTA BARAT",CENGKARENG,"RAWA BUAYA","Jl. Bojong Kavling RT 016 RW 004",-6.1661693749500595," 106.74243704428787","Korsleting Listrik","1 Rumah Tinggal, 0 Semi Permanen, 0 Gedung, 0 Gudang, 0 Kios/Ruko, 0 Lainnya",0,0,0,60000000
202503,1,2,"KOTA ADM. JAKARTA BARAT",CENGKARENG,"CENGKARENG BARAT","Jl. Taman Palem Lestari No.21, RT.07 / RW.08",-6.1359895725409785," 106.72885519617492","Korsleting Listrik","0 Rumah Tinggal, 0 Semi Permanen, 0 Gedung, 0 Gudang, 1 Kios/Ruko, 0 Lainnya",0,2,0,400000000
202503,1,2,"KOTA ADM. JAKARTA BARAT",KEMBANGAN,"MERUYA SELATAN","Jl. Menara ANTV Rt 05/02",-6.208183759722201," 106.73158105107728","Korsleting Listrik","0 Rumah Tinggal, 0 Semi Permanen, 0 Gedung, 1 Gudang, 0 Kios/Ruko, 0 Lainnya",0,0,0,1000000000
202503,1,2,"KOTA ADM. JAKARTA BARAT","KEBON JERUK","KEDOYA UTARA","Jl. Daan Mogot Gg. Malvinas RT 001 RW 002",-6.1601946764034645," 106.76881834989021","Korsleting Listrik","15 Rumah Tinggal, 0 Semi Permanen, 0 Gedung, 0 Gudang, 0 Kios/Ruko, 0 Lainnya",0,1,45,721890000
202503,1,2,"KOTA ADM. JAKARTA BARAT","TAMAN SARI",GLODOK,"Hotel 101 Urban Jl. Pasar Glodok Selatan RT 001/01",-6.14328474870959," 106.81502282019403","Korsleting Listrik","0 Rumah Tinggal, 0 Semi Permanen, 2 Gedung, 1 Gudang, 0 Kios/Ruko, 0 Lainnya",0,0,0,80000000
202503,1,2,"KOTA ADM. JAKARTA BARAT",TAMBORA,KERENDANG,"Jln. Krendang Tengah, RT 004/03",-6.149234448810638," 106.80399234745295",Gas,"1 Rumah Tinggal, 0 Semi Permanen, 0 Gedung, 0 Gudang, 0 Kios/Ruko, 0 Lainnya",0,2,0,10000000
202503,1,2,"KOTA ADM. JAKARTA BARAT",PALMERAH,KEMANGGISAN,"Jl. Komplek Hankam RT 003 RW 002",-6.185527462866728," 106.7897333487219","Obat Nyamuk Bakar","1 Rumah Tinggal, 0 Semi Permanen, 0 Gedung, 0 Gudang, 0 Kios/Ruko, 0 Lainnya",0,0,0,7000000
202503,1,2,"KOTA ADM. JAKARTA BARAT","GROGOL PETAMBURAN",JELAMBAR,"Jl. Latumenten III, RT 06 rw 05",-6.160760533499208," 106.78732820485573","Ledakan Dispenser Pemanas Air","0 Rumah Tinggal, 0 Semi Permanen, 1 Gedung, 0 Gudang, 0 Kios/Ruko, 0 Lainnya",0,0,0,30000000
202503,1,2,"KOTA ADM. JAKARTA BARAT",CENGKARENG,"KEDAUNG KALI ANGKE","Jl. Daan Mogot, RT. 04 RW. 05",-6.158336152201509," 106.76594727805973","Korsleting Listrik","0 Rumah Tinggal, 0 Semi Permanen, 0 Gedung, 0 Gudang, 1 Kios/Ruko, 0 Lainnya",0,0,0,70000000
202503,1,2,"KOTA ADM. JAKARTA BARAT","KALI DERES",PEGADUNGAN,"Jln. Golden Palm Blok.F No.76 Citra 5,  RT. 03 RW. 03 Kel. Pegadungan Kec. Kalideres",-6.121031330491825," 106.70152020810269",Gas,"1 Rumah Tinggal, 0 Semi Permanen, 0 Gedung, 0 Gudang, 0 Kios/Ruko, 0 Lainnya",0,0,0,20000000
202503,1,2,"KOTA ADM. JAKARTA BARAT",CENGKARENG,KAPUK,"Jl. Pedongkelan dalam RT 19 RW 16",-6.150863447184437," 106.74388608525888","Korsleting Listrik","1 Rumah Tinggal, 0 Semi Permanen, 0 Gedung, 0 Gudang, 0 Kios/Ruko, 0 Lainnya",0,1,0,300000000
202503,1,2,"KOTA ADM. JAKARTA BARAT",KEMBANGAN,"MERUYA UTARA","Gg. H. Jimun 002/RW. 001",-6.19602047891558," 106.73105120486572","Korsleting Listrik","1 Rumah Tinggal, 0 Semi Permanen, 0 Gedung, 0 Gudang, 0 Kios/Ruko, 0 Lainnya",0,2,0,200000000
202503,1,2,"KOTA ADM. JAKARTA BARAT",CENGKARENG,KAPUK,"Jl. Pasar Timbul, RT.019 RW.016 Kel. Kapuk, Kec. Cengkareng",-6.141264216824034," 106.74606059292448","Korsleting Listrik","1 Rumah Tinggal, 0 Semi Permanen, 0 Gedung, 0 Gudang, 0 Kios/Ruko, 0 Lainnya",0,0,0,2000000
202503,1,2,"KOTA ADM. JAKARTA BARAT","KEBON JERUK","KEDOYA UTARA","Jln. Komp. Green Garden Y 1 No 11 RT004/RW03",-6.170314888746611," 106.75116827980457","Korsleting Listrik","1 Rumah Tinggal, 0 Semi Permanen, 0 Gedung, 0 Gudang, 0 Kios/Ruko, 0 Lainnya",0,0,0,300000000
202503,1,2,"KOTA ADM. JAKARTA BARAT",TAMBORA,"DURI SELATAN","Jl. Duri Selatan V Gg Haji Amir RT 011 RW 003",-6.160343867711123," 106.80456850099257","Korsleting Listrik","1 Rumah Tinggal, 0 Semi Permanen, 0 Gedung, 0 Gudang, 0 Kios/Ruko, 0 Lainnya",0,0,0,20000000
202503,1,2,"KOTA ADM. JAKARTA BARAT","TAMAN SARI",TANGKI,"Jln. Badila II RT 001/05",-6.146079817544499," 106.82169153698412",Gas,"7 Rumah Tinggal, 0 Semi Permanen, 0 Gedung, 0 Gudang, 0 Kios/Ruko, 0 Lainnya",0,2,36,1500000000
202503,1,2,"KOTA ADM. JAKARTA BARAT",KEMBANGAN,"MERUYA UTARA","Jl. Penyelesaian Tomang 3 No.15 RT 002 RW 004",-6.197740691765877," 106.7263045439884","Korsleting Listrik","1 Rumah Tinggal, 0 Semi Permanen, 0 Gedung, 0 Gudang, 0 Kios/Ruko, 0 Lainnya",0,0,0,20000000
202503,1,2,"KOTA ADM. JAKARTA BARAT",PALMERAH,KEMANGGISAN,"Jl. Kemanggisan Ilir Raya no 3 RT 18 RW 01 Kel. kemanggisan Kec. Palmerah",-6.190358627032044," 106.79105572195166","Korsleting Listrik","1 Rumah Tinggal, 0 Semi Permanen, 0 Gedung, 0 Gudang, 0 Kios/Ruko, 0 Lainnya",0,0,0,280000000
202503,1,2,"KOTA ADM. JAKARTA BARAT",CENGKARENG,"DURI KOSAMBI","Taman Semanan Indah No.19 Blok M, RT005/RW11",-6.165358832744902," 106.72298640208854","Pembakaran Dupa","0 Rumah Tinggal, 0 Semi Permanen, 0 Gedung, 0 Gudang, 0 Kios/Ruko, 0 Lainnya",0,1,0,250000000
202503,1,2,"KOTA ADM. JAKARTA BARAT",CENGKARENG,"CENGKARENG TIMUR","Jl. Fajar Baru Utara, RT 13 / RW 07",-6.145606679800159," 106.73165213555316","Korsleting Listrik","1 Rumah Tinggal, 0 Semi Permanen, 0 Gedung, 0 Gudang, 0 Kios/Ruko, 0 Lainnya",0,0,0,5000000
202503,1,2,"KOTA ADM. JAKARTA BARAT",CENGKARENG,"RAWA BUAYA","Jl. Klingkit 1 RT 002 RW 012",-6.161718155368657," 106.74383770485612","Korsleting Listrik","2 Rumah Tinggal, 0 Semi Permanen, 0 Gedung, 0 Gudang, 0 Kios/Ruko, 0 Lainnya",0,1,0,150000000
202503,1,2,"KOTA ADM. JAKARTA PUSAT","TANAH ABANG",GELORA,"Jl. Gelora IX No. 59 RT 004 RW 002",-6.209330283462411," 106.79497118158372",Gas,"1 Rumah Tinggal, 0 Semi Permanen, 0 Gedung, 0 Gudang, 0 Kios/Ruko, 0 Lainnya",0,1,0,5000000
202503,1,2,"KOTA ADM. JAKARTA PUSAT",SENEN,KRAMAT,"Jl. Kampung Pulo No.7 RT 001/003",-6.278621304599645," 106.88242360711206",Gas,"0 Rumah Tinggal, 0 Semi Permanen, 0 Gedung, 0 Gudang, 1 Kios/Ruko, 0 Lainnya",0,1,0,50000000
202503,1,2,"KOTA ADM. JAKARTA PUSAT","JOHAR BARU","KAMPUNG RAWA","Jl. Galur Raya RT.12 RW.2 Kel. Kampung Rawa Kec. Johar Baru",-6.178222743729256," 106.85453110486073","Korsleting Listrik","0 Rumah Tinggal, 0 Semi Permanen, 0 Gedung, 0 Gudang, 1 Kios/Ruko, 0 Lainnya",0,0,0,1000000
202503,1,2,"KOTA ADM. JAKARTA PUSAT",KEMAYORAN,KEMAYORAN,"Jl. Kepu Dalam III No. 234, RT 09 RW 04",-6.164449282076342," 106.84503805984646","Puntung Rokok","0 Rumah Tinggal, 0 Semi Permanen, 0 Gedung, 0 Gudang, 1 Kios/Ruko, 0 Lainnya",0,0,0,100000000
202503,1,2,"KOTA ADM. JAKARTA PUSAT",KEMAYORAN,"GUNUNG SAHARI SELATAN","Jl. Angkasa No.18 D RT 001 RW 002",-6.157672447397105," 106.84279906185165","Korsleting Listrik","0 Rumah Tinggal, 0 Semi Permanen, 0 Gedung, 0 Gudang, 1 Kios/Ruko, 0 Lainnya",0,0,0,500000000
202503,1,2,"KOTA ADM. JAKARTA PUSAT",SENEN,SENEN,"Jl. Senen Raya No.135 RT 006 RW 002",-6.176015399999981," 106.84035671612956","Korsleting Listrik","0 Rumah Tinggal, 0 Semi Permanen, 0 Gedung, 0 Gudang, 1 Kios/Ruko, 0 Lainnya",0,2,0,1018080000
202503,1,2,"KOTA ADM. JAKARTA SELATAN",PESANGGRAHAN,"PETUKANGAN UTARA","Jln. Anggrek no. 41 Rt. 03 / 05 ",-6.30874860957847," 106.8648094435254","Pemanas Laundry","0 Rumah Tinggal, 0 Semi Permanen, 0 Gedung, 0 Gudang, 2 Kios/Ruko, 0 Lainnya",0,0,0,450000000
202503,1,2,"KOTA ADM. JAKARTA SELATAN",TEBET,"MENTENG DALAM","Jl. Supomo No.58 Gd.GED RT. 007/RW. 01",-6.236933817521866," 106.84358205144848","Percikan Api Pengelasan","0 Rumah Tinggal, 0 Semi Permanen, 1 Gedung, 0 Gudang, 0 Kios/Ruko, 0 Lainnya",0,0,0,0
202503,1,2,"KOTA ADM. JAKARTA SELATAN","KEBAYORAN BARU","CIPETE UTARA","Jl Kirai II, RT.3 RW.4 Kel. Cipete Utara Kec. Kebayoran Baru",-6.258066486563079," 106.80151129748286","Korsleting Listrik","1 Rumah Tinggal, 0 Semi Permanen, 0 Gedung, 0 Gudang, 0 Kios/Ruko, 0 Lainnya",0,0,0,5624000
202503,1,2,"KOTA ADM. JAKARTA SELATAN","MAMPANG PRAPATAN","KUNINGAN BARAT","Jl. Poncol Jaya Rt 010 Rw 004",-6.237832394436166," 106.81896661817254","Korsleting Listrik","34 Rumah Tinggal, 0 Semi Permanen, 0 Gedung, 0 Gudang, 0 Kios/Ruko, 0 Lainnya",0,0,40,985606000
202503,1,2,"KOTA ADM. JAKARTA SELATAN","KEBAYORAN LAMA","PONDOK PINANG","Jl. Mawar Komplek selapa Polri No. 44 RT 003 RW 009",-6.249359380440613," 106.77036738863515","Korsleting Listrik","1 Rumah Tinggal, 0 Semi Permanen, 0 Gedung, 0 Gudang, 0 Kios/Ruko, 0 Lainnya",0,0,0,3370000
202503,1,2,"KOTA ADM. JAKARTA SELATAN","KEBAYORAN BARU",SELONG,"Jl. Sisingamangaraja No.2 RT 2 RW 1",-6.237964562504678," 106.79895122265854","Korsleting Listrik","0 Rumah Tinggal, 0 Semi Permanen, 1 Gedung, 0 Gudang, 0 Kios/Ruko, 0 Lainnya",0,0,0,448656000
202503,1,2,"KOTA ADM. JAKARTA SELATAN",TEBET,MANGGARAI,"Jl. Saharjo Gg. Bakti 6 RT 011 RW 005",-6.210490575242014," 106.84906277418386","Tungku api pembuatan tahu","2 Rumah Tinggal, 0 Semi Permanen, 0 Gedung, 0 Gudang, 0 Kios/Ruko, 0 Lainnya",0,0,0,1024480000
202503,1,2,"KOTA ADM. JAKARTA SELATAN","KEBAYORAN BARU",GUNUNG,"Jln. Bumi RT. 013 RW.002",-6.238218409797445," 106.79007497353633","Api panggangan naik ke hexos","0 Rumah Tinggal, 0 Semi Permanen, 0 Gedung, 0 Gudang, 1 Kios/Ruko, 0 Lainnya",0,0,0,15000000
202503,1,2,"KOTA ADM. JAKARTA SELATAN",CILANDAK,"CIPETE SELATAN","Jln. Abdul Majid Dalam No 16 Komplek Deplu Rt 08/05",-6.268844253458543," 106.80072348954295","Korsleting Listrik","1 Rumah Tinggal, 0 Semi Permanen, 0 Gedung, 0 Gudang, 0 Kios/Ruko, 0 Lainnya",0,0,0,25000000
202503,1,2,"KOTA ADM. JAKARTA SELATAN",TEBET,"BUKIT DURI","Jl. Cucak Rawa, No. 117, RT. 007 RW. 004",-6.220353304653874," 106.85579552451703","Korsleting Listrik","1 Rumah Tinggal, 0 Semi Permanen, 0 Gedung, 0 Gudang, 0 Kios/Ruko, 0 Lainnya",0,0,0,25000000
202503,1,2,"KOTA ADM. JAKARTA SELATAN","KEBAYORAN BARU",MELAWAI,"Jl. Iskandarsyah II No.2 RT 003 RW 001",-6.243400566460531," 106.80286420487873","Korsleting Listrik","0 Rumah Tinggal, 0 Semi Permanen, 1 Gedung, 0 Gudang, 0 Kios/Ruko, 0 Lainnya",0,0,0,100000000
202503,1,2,"KOTA ADM. JAKARTA SELATAN",CILANDAK,"CIPETE SELATAN","Jl. Puri Mutiara 3 No.22 B RT 004 RW 001",-6.277036226153966," 106.81136256809091",Gas,"1 Rumah Tinggal, 0 Semi Permanen, 0 Gedung, 0 Gudang, 0 Kios/Ruko, 0 Lainnya",0,0,0,6740000
202503,1,2,"KOTA ADM. JAKARTA SELATAN","KEBAYORAN LAMA","PONDOK PINANG","Jl. Deplu Raya, RT.5 RW.12, Kel. Pondok Pinang, Kec. Kebayoran Lama",-6.273326624657339," 106.77253491228738","Pembakaran Sampah","4 Rumah Tinggal, 0 Semi Permanen, 0 Gedung, 0 Gudang, 0 Kios/Ruko, 0 Lainnya",0,0,0,970560000
202503,1,2,"KOTA ADM. JAKARTA SELATAN",CILANDAK,"LEBAK BULUS","Jl. Lebak Bulus III RT 008 RW 004",-6.302423217928646," 106.78818188839435","Korsleting Listrik","1 Rumah Tinggal, 0 Semi Permanen, 0 Gedung, 0 Gudang, 1 Kios/Ruko, 0 Lainnya",0,0,0,90900000
202503,1,2,"KOTA ADM. JAKARTA SELATAN",TEBET,"MANGGARAI SELATAN","Jl. Tebet Dalam 1D, RT.001/RW.02",-6.22474167291582," 106.8488435929617","Korsleting Listrik","1 Rumah Tinggal, 0 Semi Permanen, 0 Gedung, 0 Gudang, 0 Kios/Ruko, 0 Lainnya",0,0,0,500000
202503,1,2,"KOTA ADM. JAKARTA SELATAN",TEBET,MANGGARAI,"Jln. Manggarai Utara VIII No.F3 RT.008 RW.001",-6.210425362186717," 106.85311077790595","Korsleting Listrik","3 Rumah Tinggal, 0 Semi Permanen, 0 Gedung, 0 Gudang, 0 Kios/Ruko, 0 Lainnya",0,0,0,161760000
202503,1,2,"KOTA ADM. JAKARTA TIMUR",CIRACAS,RAMBUTAN,"Jl. Tanah Merdeka 4 No. 46",-6.311977076242217," 106.87894185050402","Puntung Rokok","1 Rumah Tinggal, 0 Semi Permanen, 0 Gedung, 0 Gudang, 0 Kios/Ruko, 0 Lainnya",0,0,0,1000000
202503,1,2,"KOTA ADM. JAKARTA TIMUR",CAKUNG,JATINEGARA,"Jl. Pengarengan RT 03 RW 12",-6.205515904258269," 106.92108262021125","Korsleting Listrik","1 Rumah Tinggal, 0 Semi Permanen, 0 Gedung, 0 Gudang, 0 Kios/Ruko, 0 Lainnya",0,0,0,5000000
202503,1,2,"KOTA ADM. JAKARTA TIMUR","PULO GADUNG","KAYU PUTIH","Jl. Kayu mas Utara RT.007 RW.009 , Kel. Kayu Putih , Kec. Pulogadung ",-6.179547181734681," 106.90113227471808","Puntung Rokok","1 Rumah Tinggal, 0 Semi Permanen, 0 Gedung, 0 Gudang, 0 Kios/Ruko, 0 Lainnya",0,0,0,1000000
202503,1,2,"KOTA ADM. JAKARTA TIMUR","DUREN SAWIT","PONDOK BAMBU","1.  Jl. Tegal Amba RT. 01 RW. 13, Kel. Duren Sawit, Kec. Duren Sawit 2.  Jl. Tegal Amba RT. 02 RW. 01 Kel. Pondok Bambu, Kec. Duren Sawit",-6.231832364156437," 106.90194318614208",Petasan,"29 Rumah Tinggal, 0 Semi Permanen, 0 Gedung, 0 Gudang, 0 Kios/Ruko, 0 Lainnya",0,2,100,1200000000
202503,1,2,"KOTA ADM. JAKARTA TIMUR",CAKUNG,PENGGILINGAN,"Gg Damai III RT. 04 RW. 03 Kel. Penggilingan, Kec. Cakung",-6.213174512003251," 106.92811240482142",Lilin,"1 Rumah Tinggal, 0 Semi Permanen, 0 Gedung, 0 Gudang, 0 Kios/Ruko, 0 Lainnya",0,0,0,100000000
202503,1,2,"KOTA ADM. JAKARTA TIMUR",CIPAYUNG,"PONDOK RANGGON","Jln. Gang Salamun RT 004 RW 003",-6.349617371148073," 106.90838156927687","Korsleting Listrik","1 Rumah Tinggal, 0 Semi Permanen, 0 Gedung, 0 Gudang, 0 Kios/Ruko, 0 Lainnya",0,0,0,2500000
202503,1,2,"KOTA ADM. JAKARTA TIMUR",JATINEGARA,"CIPINANG BESAR UTARA","Jl. Cipinang Pulo Maja, RT.004, RW.010",-6.216870404412869," 106.88035371281423","Korsleting Listrik","1 Rumah Tinggal, 0 Semi Permanen, 0 Gedung, 0 Gudang, 0 Kios/Ruko, 0 Lainnya",0,0,0,5000000
202503,1,2,"KOTA ADM. JAKARTA TIMUR",CIRACAS,CIBUBUR,"Jl. Lapangan Tembak Cibubur, RT. 05 RW. 01",-6.346160646062249," 106.8754298035239","Puntung Rokok","0 Rumah Tinggal, 0 Semi Permanen, 0 Gedung, 0 Gudang, 0 Kios/Ruko, 0 Lainnya",0,0,0,1000000
202503,1,2,"KOTA ADM. JAKARTA TIMUR",MAKASAR,"CIPINANG MELAYU","Jl. Ki Ageng Pemanahan RT.02 RW.11",-6.2420304901805785," 106.90476531380511","Korsleting Mobil","1 Rumah Tinggal, 0 Semi Permanen, 0 Gedung, 0 Gudang, 0 Kios/Ruko, 0 Lainnya",0,0,0,6000000000
202503,1,2,"KOTA ADM. JAKARTA TIMUR",CIRACAS,CIRACAS,"Jl. Nusa Indah RT 001 RW 007",-6.326077715611061," 106.87031494450807","Puntung Rokok","0 Rumah Tinggal, 0 Semi Permanen, 1 Gedung, 0 Gudang, 0 Kios/Ruko, 0 Lainnya",0,0,0,2000000
202503,1,2,"KOTA ADM. JAKARTA TIMUR",JATINEGARA,"CIPINANG CEMPEDAK","Jl. Kebon Nanas Selatan 1 RT.16 RW.008",-6.234560939858689," 106.87231671859122",Gas,"0 Rumah Tinggal, 0 Semi Permanen, 0 Gedung, 1 Gudang, 0 Kios/Ruko, 0 Lainnya",0,0,0,1000000
202503,1,2,"KOTA ADM. JAKARTA TIMUR","PULO GADUNG",JATI,"Jl. Pulo Asem Utara No. 14 RT 011 RW 002",-6.188927728189601," 106.89187680684269","Korsleting Listrik","1 Rumah Tinggal, 0 Semi Permanen, 0 Gedung, 0 Gudang, 0 Kios/Ruko, 0 Lainnya",0,0,0,2000000
202503,1,2,"KOTA ADM. JAKARTA TIMUR",CAKUNG,"PULO GEBANG","Apartemen Sentra Timur, Jalan Sentra Timur RT 005/008",-6.199347110748297," 106.94520799566665","Korsleting Listrik","0 Rumah Tinggal, 0 Semi Permanen, 1 Gedung, 0 Gudang, 0 Kios/Ruko, 0 Lainnya",0,0,0,250000000
202503,1,2,"KOTA ADM. JAKARTA TIMUR","DUREN SAWIT","DUREN SAWIT","Jln. Laut Samudra",-6.24006520327922," 106.91082741202253","Korsleting Listrik","0 Rumah Tinggal, 1 Semi Permanen, 0 Gedung, 0 Gudang, 0 Kios/Ruko, 0 Lainnya",0,0,0,300000000
202503,1,2,"KOTA ADM. JAKARTA TIMUR","PULO GADUNG","PISANGAN TIMUR","Jl. Rawamangun Selatan Gg. Kana RT.09 RW. 15",-6.2028323298949415," 106.88164210316667","Korsleting Listrik","1 Rumah Tinggal, 0 Semi Permanen, 0 Gedung, 0 Gudang, 0 Kios/Ruko, 0 Lainnya",0,0,0,100000000
202503,1,2,"KOTA ADM. JAKARTA TIMUR","PULO GADUNG","PULO GADUNG","Jln. Perintis Kemerdekaaan No 99 Rt 011/08 Apartemen OAK Tower",-6.1805051832646," 106.90480995088998","Korsleting Listrik","0 Rumah Tinggal, 0 Semi Permanen, 0 Gedung, 0 Gudang, 0 Kios/Ruko, 0 Lainnya",0,0,0,5000000
202503,1,2,"KOTA ADM. JAKARTA TIMUR","PULO GADUNG",JATI,"Jl. Raya Paus (Terminal Rawamangun)",-6.193915331614905," 106.89093248161412","Korsleting Listrik","0 Rumah Tinggal, 0 Semi Permanen, 0 Gedung, 0 Gudang, 0 Kios/Ruko, 0 Lainnya",0,0,0,2000000
202503,1,2,"KOTA ADM. JAKARTA TIMUR",CAKUNG,"PULO GEBANG","Jl. Rawa Bebek Gg. Ikhlas RT 04 RW 01",-6.20655129720399," 106.96546250925242",Gas,"1 Rumah Tinggal, 0 Semi Permanen, 0 Gedung, 0 Gudang, 0 Kios/Ruko, 0 Lainnya",0,0,0,1500000
202503,1,2,"KOTA ADM. JAKARTA TIMUR",CAKUNG,"CAKUNG TIMUR","Jln. Kayu Tinggi Gang Lele Rt 07/06",-6.1718466489832595," 106.94970531476802","Korsleting Listrik","0 Rumah Tinggal, 0 Semi Permanen, 0 Gedung, 0 Gudang, 1 Kios/Ruko, 0 Lainnya",0,0,0,3000000
202503,1,2,"KOTA ADM. JAKARTA UTARA","KELAPA GADING","PEGANGSAAN DUA","Jln. Pegangsaan Dua Ruko Gading Lavender No.88 D",-6.145177007491618," 106.91476178950852","Korsleting Listrik","0 Rumah Tinggal, 0 Semi Permanen, 0 Gedung, 0 Gudang, 1 Kios/Ruko, 0 Lainnya",0,0,0,5000000
202503,1,2,"KOTA ADM. JAKARTA UTARA",KOJA,"TUGU SELATAN","Jl. Batu Tumbu RT 005 RW 004",-6.131541142858264," 106.91869411279055","Korsleting Listrik","0 Rumah Tinggal, 0 Semi Permanen, 0 Gedung, 0 Gudang, 0 Kios/Ruko, 0 Lainnya",0,1,0,40000000
202503,1,2,"KOTA ADM. JAKARTA UTARA","TANJUNG PRIOK","SUNTER AGUNG","Jln. Barata 1 Komplek Barata RT.12 RW.02, Kel. Sunter Agung, Kec. Tanjung Priok",-6.132760461492528," 106.85096216910412",Gas,"1 Rumah Tinggal, 0 Semi Permanen, 0 Gedung, 0 Gudang, 0 Kios/Ruko, 0 Lainnya",0,0,0,5000000
202503,1,3,"KOTA ADM. JAKARTA BARAT","KALI DERES",KAMAL,"Jl. Prepedan Dalam RT 009 RW 009",-6.11521376727269," 106.70489109318244",Gas,"0 Rumah Tinggal, 1 Semi Permanen, 0 Gedung, 0 Gudang, 0 Kios/Ruko, 0 Lainnya",0,0,0,1500000
202503,1,3,"KOTA ADM. JAKARTA BARAT",CENGKARENG,KAPUK,"Jl. Pasar Timbul, RT.019/RW.016",-6.140663672263297," 106.74544856676452","Korsleting Listrik","0 Rumah Tinggal, 0 Semi Permanen, 0 Gedung, 0 Gudang, 0 Kios/Ruko, 0 Lainnya",0,0,0,200000000
202503,1,3,"KOTA ADM. JAKARTA BARAT","KALI DERES",KALIDERES,"Perumahan Citra Garden 1. Jalan Alam Timur Blok D 4 No. 6 RT 008 RW 016",-6.150041142176884," 106.69463512594652","Korsleting Listrik","1 Rumah Tinggal, 0 Semi Permanen, 0 Gedung, 0 Gudang, 0 Kios/Ruko, 0 Lainnya",0,0,0,30000000
202503,1,3,"KOTA ADM. JAKARTA BARAT",CENGKARENG,"DURI KOSAMBI","Jln. Omplek Kresek Indah, Jl. Melati Blk. J, RT.05 / RW.12",-6.177799911060853," 106.7084411667748","Korsleting Listrik","1 Rumah Tinggal, 0 Semi Permanen, 0 Gedung, 0 Gudang, 0 Kios/Ruko, 0 Lainnya",0,0,0,70000000
202503,1,3,"KOTA ADM. JAKARTA BARAT","KEBON JERUK","KEBON JERUK","Jl. H. Openg, RT.11 RW.2",-6.198644648161171," 106.77135153061501","Korsleting Listrik","1 Rumah Tinggal, 0 Semi Permanen, 0 Gedung, 0 Gudang, 0 Kios/Ruko, 0 Lainnya",0,0,0,25000000
202503,1,3,"KOTA ADM. JAKARTA BARAT",CENGKARENG,"CENGKARENG TIMUR","Jl. Taman Palem Mutiara Blok A17 No 2 (Goffee Doughnuts & Coffee)",-6.136872523751326," 106.7320125355349",Kompor,"0 Rumah Tinggal, 0 Semi Permanen, 0 Gedung, 0 Gudang, 1 Kios/Ruko, 0 Lainnya",0,0,0,1000000
202503,1,3,"KOTA ADM. JAKARTA BARAT","KEBON JERUK","KEBON JERUK","Jln. Dokter Kasih, RT 001 RW 001",-6.197795924341343," 106.76509002815196","Korsleting Listrik","1 Rumah Tinggal, 0 Semi Permanen, 0 Gedung, 0 Gudang, 0 Kios/Ruko, 0 Lainnya",0,0,0,35000000
202503,1,3,"KOTA ADM. JAKARTA BARAT","KALI DERES","TEGAL ALUR","Jl. Kayu besar pergudangan Miami blok M RT.07/008",-6.11064914423884," 106.71752909058496","Korsleting Listrik","0 Rumah Tinggal, 0 Semi Permanen, 0 Gedung, 1 Gudang, 0 Kios/Ruko, 0 Lainnya",0,0,0,10000000
202503,1,3,"KOTA ADM. JAKARTA BARAT",TAMBORA,"JEMBATAN BESI","Jl. Prof. Dr. Latumeten No.33, RT.001/RW.005",-6.152516170577714," 106.79604097416795","Korsleting Listrik","0 Rumah Tinggal, 0 Semi Permanen, 0 Gedung, 0 Gudang, 1 Kios/Ruko, 0 Lainnya",0,0,0,500000
202503,1,3,"KOTA ADM. JAKARTA BARAT","KALI DERES",SEMANAN,"Jl. Kp. Bulak RT 010 RW 001",-6.164647523821404," 106.71056201819242","Korsleting Listrik","4 Rumah Tinggal, 0 Semi Permanen, 0 Gedung, 0 Gudang, 0 Kios/Ruko, 0 Lainnya",0,1,23,208600000
202503,1,3,"KOTA ADM. JAKARTA BARAT","KEBON JERUK","KEDOYA UTARA","Jl. Bahagia 4 Rt 016 W 08 kelurahan kedoya utara kecamatan kebon jeruk jakarta barat",-6.176886728323243," 106.7674086829965","Korsleting Listrik","0 Rumah Tinggal, 0 Semi Permanen, 1 Gedung, 0 Gudang, 0 Kios/Ruko, 0 Lainnya",0,0,0,45000000
202503,1,3,"KOTA ADM. JAKARTA BARAT","GROGOL PETAMBURAN","TANJUNG DUREN SELATAN","Jl. Tanjung Duren Timur, No. 16, RT. 001/RW. 001",-6.180031246033709," 106.7879968895183",Gas,"0 Rumah Tinggal, 0 Semi Permanen, 0 Gedung, 0 Gudang, 1 Kios/Ruko, 0 Lainnya",0,0,0,5000000
202503,1,3,"KOTA ADM. JAKARTA BARAT","KEBON JERUK","DURI KEPA","Jl. Mangga 24 RT 09/04",-6.173234655238881," 106.77501998211649","Korsleting Listrik","0 Rumah Tinggal, 0 Semi Permanen, 0 Gedung, 0 Gudang, 1 Kios/Ruko, 0 Lainnya",0,0,0,161760000
202503,1,3,"KOTA ADM. JAKARTA BARAT","GROGOL PETAMBURAN",GROGOL,"Jl. Muwardi Raya, RT. 006 / RW. 004, Jl. Makaiwe 1, RT.012/RW.08",-6.16138457521451," 106.79504291199724","Korsleting Listrik","70 Rumah Tinggal, 45 Semi Permanen, 0 Gedung, 0 Gudang, 0 Kios/Ruko, 0 Lainnya",0,0,295,2826060000
202503,1,3,"KOTA ADM. JAKARTA BARAT",PALMERAH,KEMANGGISAN,"Jl. Kemanggisan Ilir Raya RT.16 RW.08",-6.188475056759234," 106.79084785774164","Korsleting Listrik","1 Rumah Tinggal, 0 Semi Permanen, 0 Gedung, 0 Gudang, 0 Kios/Ruko, 0 Lainnya",0,0,0,0
202503,1,3,"KOTA ADM. JAKARTA BARAT","KEBON JERUK","KELAPA DUA","Jl. Sasak 1, 62 C, Rt. 03/Rw. 02",-6.201431194935744," 106.77267363094292",Petasan,"1 Rumah Tinggal, 0 Semi Permanen, 0 Gedung, 0 Gudang, 0 Kios/Ruko, 0 Lainnya",0,0,0,5000000
202503,1,3,"KOTA ADM. JAKARTA BARAT","TAMAN SARI",PINANGSIA,"Jl. Pinangsia 10 RT 04 RW 05",-6.138660055067125," 106.81690030484981","Korsleting Listrik","0 Rumah Tinggal, 0 Semi Permanen, 0 Gedung, 0 Gudang, 1 Kios/Ruko, 0 Lainnya",0,0,0,1000000
202503,1,3,"KOTA ADM. JAKARTA BARAT","KEBON JERUK","KELAPA DUA","Jl. H. Kelik No.rt 04/08, RT.4/RW.8,",-6.2076945631484515," 106.76453485884032",Kompor,"0 Rumah Tinggal, 0 Semi Permanen, 0 Gedung, 0 Gudang, 0 Kios/Ruko, 0 Lainnya",0,0,0,7000000
202503,1,3,"KOTA ADM. JAKARTA BARAT","KEBON JERUK","KEBON JERUK","Jl. Budi Swadaya No. 110, RT. 16/RW. 04",-6.187750372234963," 106.78129031018703","Korsleting Listrik","1 Rumah Tinggal, 0 Semi Permanen, 0 Gedung, 0 Gudang, 0 Kios/Ruko, 0 Lainnya",0,0,0,50000000
202503,1,3,"KOTA ADM. JAKARTA BARAT",KEMBANGAN,JOGLO,"Jl. Joglo Raya No.61 9, RT.9/RW.3",-6.211020442746527," 106.732698013843","Korek Api","0 Rumah Tinggal, 0 Semi Permanen, 0 Gedung, 1 Gudang, 0 Kios/Ruko, 0 Lainnya",0,0,0,10000000
202503,1,3,"KOTA ADM. JAKARTA BARAT","KEBON JERUK","SUKABUMI UTARA","Jl. Hud II No. 48 rt 07/05",-6.207657835816889," 106.7726323588403",Gas,"1 Rumah Tinggal, 0 Semi Permanen, 0 Gedung, 0 Gudang, 0 Kios/Ruko, 0 Lainnya",0,0,0,15000000
202503,1,3,"KOTA ADM. JAKARTA PUSAT",SENEN,BUNGUR,"Jln. Kalibaru Timur, RW.4 ( Titk Kenal Pasar Poncol )",-6.1746176473447925," 106.84552379338461","Korsleting Listrik","0 Rumah Tinggal, 0 Semi Permanen, 0 Gedung, 0 Gudang, 57 Kios/Ruko, 0 Lainnya",0,1,0,500000000
202503,1,3,"KOTA ADM. JAKARTA PUSAT",MENTENG,CIKINI,"Jl. Cikini Raya No.79, RT 02 RW 02",-6.1908078957548," 106.83986796677814","Korsleting Listrik","0 Rumah Tinggal, 0 Semi Permanen, 1 Gedung, 0 Gudang, 0 Kios/Ruko, 0 Lainnya",0,0,0,5000000
202503,1,3,"KOTA ADM. JAKARTA PUSAT",GAMBIR,GAMBIR,"Jl. Medan Merdeka Barat No.9, RT.002 RW.003",-6.178985299849507," 106.82214609191334","Korsleting Listrik","0 Rumah Tinggal, 0 Semi Permanen, 1 Gedung, 0 Gudang, 0 Kios/Ruko, 0 Lainnya",0,0,0,2000000
202503,1,3,"KOTA ADM. JAKARTA SELATAN","MAMPANG PRAPATAN",BANGKA,"Jl. Kemang Selatan VIII, RT.07 RW.2 ",-6.260531572151005," 106.82151109250708","Korsleting Listrik","0 Rumah Tinggal, 0 Semi Permanen, 0 Gedung, 0 Gudang, 1 Kios/Ruko, 0 Lainnya",0,0,0,0
202503,1,3,"KOTA ADM. JAKARTA SELATAN",TEBET,"MANGGARAI SELATAN","Jl. Barkah Raya RT. 08 RW.05",-6.217166491138949," 106.850199348659","Korsleting Listrik","0 Rumah Tinggal, 0 Semi Permanen, 0 Gedung, 0 Gudang, 1 Kios/Ruko, 0 Lainnya",0,0,0,200000000
202503,1,3,"KOTA ADM. JAKARTA SELATAN","KEBAYORAN BARU","GANDARIA UTARA","Jl. Deperdag I, RT 003 RW 002",-6.254591070534974," 106.79017028956129",Gas,"1 Rumah Tinggal, 0 Semi Permanen, 0 Gedung, 0 Gudang, 0 Kios/Ruko, 0 Lainnya",0,2,0,6000000
202503,1,3,"KOTA ADM. JAKARTA SELATAN",CILANDAK,"CIPETE SELATAN","Jl. Puri sakti 1 no 6a RT 002 RW 007",-6.2720441059953895," 106.81131688629841","Korsleting Listrik","1 Rumah Tinggal, 0 Semi Permanen, 0 Gedung, 0 Gudang, 0 Kios/Ruko, 0 Lainnya",0,0,0,8000000
202503,1,3,"KOTA ADM. JAKARTA SELATAN","PASAR MINGGU","CILANDAK TIMUR","Komplek Bumi Marinir Cilandak, Jl. Raya Cilandak KKO, Rt. 13/Rw. 05",-6.300854897224636," 106.8140838588663","Korsleting Listrik","0 Rumah Tinggal, 0 Semi Permanen, 0 Gedung, 0 Gudang, 1 Kios/Ruko, 0 Lainnya",0,0,0,100000000
202503,1,3,"KOTA ADM. JAKARTA SELATAN","SETIA BUDI","MENTENG ATAS","Jl. Minangkabau Dalam II No.3 RT 009 RW 006",-6.216014497442489," 106.84132235884317",Kompor,"0 Rumah Tinggal, 0 Semi Permanen, 0 Gedung, 0 Gudang, 0 Kios/Ruko, 0 Lainnya",0,0,0,100000000
202503,1,3,"KOTA ADM. JAKARTA SELATAN",TEBET,"MENTENG DALAM","Jl. Rasamala Raya, RT.01/RW.01",-6.240584928599974," 106.84047758494792","Korsleting Listrik","0 Rumah Tinggal, 0 Semi Permanen, 0 Gedung, 0 Gudang, 4 Kios/Ruko, 0 Lainnya",0,0,0,70000000
202503,1,3,"KOTA ADM. JAKARTA SELATAN",PESANGGRAHAN,ULUJAMI,"Jl. Ulujami Raya Gg. Warben No.67 RT.5 RW.5",-6.213673310465459," 106.7615382341194",Gas,"1 Rumah Tinggal, 0 Semi Permanen, 0 Gedung, 0 Gudang, 0 Kios/Ruko, 0 Lainnya",0,0,0,5000000
202503,1,3,"KOTA ADM. JAKARTA SELATAN",PESANGGRAHAN,BINTARO,"Jl. Bhakti, Gg. Pertama, RT. 008/RW. 01",-6.2589257309116855," 106.76536509748315","Obat Nyamuk","0 Rumah Tinggal, 3 Semi Permanen, 0 Gedung, 0 Gudang, 0 Kios/Ruko, 0 Lainnya",0,0,0,0
202503,1,3,"KOTA ADM. JAKARTA SELATAN","SETIA BUDI","KUNINGAN TIMUR","Jl. Mega Kuningan Barat RT 001 RW 002",-6.230783952577817," 106.82550135938926","Korsleting Listrik","0 Rumah Tinggal, 0 Semi Permanen, 1 Gedung, 0 Gudang, 0 Kios/Ruko, 0 Lainnya",0,0,0,106472000
202503,1,3,"KOTA ADM. JAKARTA TIMUR",CIRACAS,CIRACAS,"Jalan Komplek Polri Blok H No. 8 RT 08 RW 04 Kel. Ciracas Kec. Ciracas",-6.333414853814893," 106.87087800147545","Korsleting Listrik","1 Rumah Tinggal, 0 Semi Permanen, 0 Gedung, 0 Gudang, 0 Kios/Ruko, 0 Lainnya",0,0,0,20000000
202503,1,3,"KOTA ADM. JAKARTA TIMUR",CIPAYUNG,CILANGKAP,"Jl. Cilangkap Raya No. 86 RT 007 RW 004",-6.332674908891961," 106.89502388956099",Gas,"0 Rumah Tinggal, 0 Semi Permanen, 0 Gedung, 0 Gudang, 2 Kios/Ruko, 0 Lainnya",0,2,0,450000000
202503,1,3,"KOTA ADM. JAKARTA TIMUR",CIRACAS,"KELAPA DUA WETAN","Jl. Manunggal Pratama RT 009 RW 012",-6.340426464344349," 106.8782845650319",Gas,"1 Rumah Tinggal, 0 Semi Permanen, 0 Gedung, 0 Gudang, 0 Kios/Ruko, 0 Lainnya",0,1,0,15000000
202503,1,3,"KOTA ADM. JAKARTA TIMUR",CAKUNG,"RAWA TERATE","Jl. KRT Radjiman RT 01 RW 04, Kel. Rawa Terate, Kec. Cakung ",-6.199703051621031," 106.92222954980487",Gas,"7 Rumah Tinggal, 0 Semi Permanen, 0 Gedung, 0 Gudang, 0 Kios/Ruko, 0 Lainnya",0,0,0,600000000
202503,1,3,"KOTA ADM. JAKARTA TIMUR",MAKASAR,MAKASAR,"Jl. Kerja Bakti Raya No.6, RT. 01/RW. 04",-6.2761513019715185," 106.87508794389824","Korsleting Listrik","0 Rumah Tinggal, 0 Semi Permanen, 0 Gedung, 0 Gudang, 1 Kios/Ruko, 0 Lainnya",0,0,0,10000000
202503,1,3,"KOTA ADM. JAKARTA TIMUR","DUREN SAWIT",KLENDER,"Jl. Pahlawan revolusi kp kapitan RT 02 RW 04 ",-6.2018852949925725," 106.90942082983105","Korsleting Listrik","1 Rumah Tinggal, 0 Semi Permanen, 0 Gedung, 0 Gudang, 0 Kios/Ruko, 0 Lainnya",0,0,0,50000000
202503,1,3,"KOTA ADM. JAKARTA TIMUR","PULO GADUNG",RAWAMANGUN," Jl. Raya Pemuda 1 No.6 RT4/RW2",-6.193472012010829," 106.89285894705168","Percikan Api Las","0 Rumah Tinggal, 0 Semi Permanen, 0 Gedung, 0 Gudang, 0 Kios/Ruko, 0 Lainnya",0,0,0,15000000
202503,1,3,"KOTA ADM. JAKARTA TIMUR",CAKUNG,JATINEGARA,"Jl. Rajiman RT.04 RW.014 No.33",-6.250680748920018," 106.94865078003237","Pembakaran Sampah","1 Rumah Tinggal, 0 Semi Permanen, 0 Gedung, 0 Gudang, 0 Kios/Ruko, 0 Lainnya",0,0,0,2000000
202503,1,3,"KOTA ADM. JAKARTA TIMUR","DUREN SAWIT","MALAKA SARI","Jl. Delima 2 RT 008 RW 003",-6.218749653152295," 106.92767879590906","Korsleting Listrik","1 Rumah Tinggal, 0 Semi Permanen, 0 Gedung, 0 Gudang, 0 Kios/Ruko, 0 Lainnya",0,0,0,600000000
202503,1,3,"KOTA ADM. JAKARTA TIMUR",MAKASAR,"CIPINANG MELAYU","Jl. Wirayuda 2 Block C No. 10 RT. 01 RW. 07",-6.248724134297507," 106.91040880956511","Korsleting Listrik","1 Rumah Tinggal, 0 Semi Permanen, 0 Gedung, 0 Gudang, 0 Kios/Ruko, 0 Lainnya",0,0,0,5000000
202503,1,3,"KOTA ADM. JAKARTA TIMUR",MATRAMAN,"KEBON MANGGIS","Jln. Ksatrian IX RT 003 RW 003",-6.204714373535229," 106.8565069415649","Korsleting Listrik","1 Rumah Tinggal, 0 Semi Permanen, 0 Gedung, 0 Gudang, 0 Kios/Ruko, 0 Lainnya",0,0,0,2500000
202503,1,3,"KOTA ADM. JAKARTA UTARA",KOJA,"TUGU UTARA","Jl. Walang Baru ll No. 65 RT.3 RW.7 Kel. Tugu Utara, Kec. Koja",-6.124389677493262," 106.90414630903685","Obat Nyamuk","1 Rumah Tinggal, 0 Semi Permanen, 0 Gedung, 0 Gudang, 0 Kios/Ruko, 0 Lainnya",0,0,0,5000000
202503,1,3,"KOTA ADM. JAKARTA UTARA",PENJARINGAN,PENJARINGAN,"Jl. Muara Baru Gg. Marlina No.146 RT 008 RW 017",-6.1179188928151715," 106.8034481190884","Korsleting Listrik","0 Rumah Tinggal, 1 Semi Permanen, 0 Gedung, 0 Gudang, 0 Kios/Ruko, 0 Lainnya",0,0,0,20000000
202503,1,3,"KOTA ADM. JAKARTA UTARA","TANJUNG PRIOK","TANJUNG PRIOK","Jl. Bahari IV RT 010 RW 002",-6.120305487589642," 106.86912353553053","Korsleting Listrik","1 Rumah Tinggal, 0 Semi Permanen, 0 Gedung, 0 Gudang, 0 Kios/Ruko, 0 Lainnya",0,0,0,500000
202503,1,3,"KOTA ADM. JAKARTA UTARA",PENJARINGAN,PENJARINGAN,"Jl. Karta Jaya V RT 001 RW 015",-6.125111645193437," 106.79652460196017",Kompor,"1 Rumah Tinggal, 0 Semi Permanen, 0 Gedung, 0 Gudang, 0 Kios/Ruko, 0 Lainnya",0,0,0,300000000
202503,1,3,"KOTA ADM. JAKARTA UTARA",CILINCING,"SEMPER TIMUR","Jl. Swadaya 2 RT 09 RW 011 Kampung sawah",-6.133329311176089," 106.93982565841776",Gas,"1 Rumah Tinggal, 0 Semi Permanen, 0 Gedung, 0 Gudang, 0 Kios/Ruko, 0 Lainnya",0,2,0,2000000
202503,1,3,"KOTA ADM. JAKARTA UTARA",KOJA,"TUGU UTARA","Jl. Perdamaian RT.18 RW.8 ",-6.1215033076119925," 106.91296942827243","Korsleting Listrik","1 Rumah Tinggal, 0 Semi Permanen, 0 Gedung, 0 Gudang, 0 Kios/Ruko, 0 Lainnya",0,0,0,100000000
202503,1,3,"KOTA ADM. JAKARTA UTARA",PENJARINGAN,PEJAGALAN,"Jl. Permata 15 Rt 16 Rw 07",-6.141996570520321," 106.78000323231117","Korsleting Listrik","1 Rumah Tinggal, 0 Semi Permanen, 0 Gedung, 0 Gudang, 0 Kios/Ruko, 0 Lainnya",0,0,0,350000000
202503,1,3,"KOTA ADM. JAKARTA UTARA",PENJARINGAN,PEJAGALAN,"Jl. Fajar Aladin Gang Senggol No 2 Rw 06",-6.141992091111124," 106.78763470161971","Korsleting Listrik","1 Rumah Tinggal, 0 Semi Permanen, 0 Gedung, 0 Gudang, 0 Kios/Ruko, 0 Lainnya",0,0,0,150000000
202503,1,3,"KOTA ADM. JAKARTA UTARA",KOJA,KOJA,"Jln. Yos Sudarso Gg. Fort Timur RT 001/010 N0.31,",-6.1110568304102495," 106.89479989815892","Korsleting Listrik","1 Rumah Tinggal, 0 Semi Permanen, 0 Gedung, 0 Gudang, 0 Kios/Ruko, 0 Lainnya",0,0,0,500000
202503,1,3,"KOTA ADM. JAKARTA UTARA",CILINCING,"SEMPER BARAT","Jl. Tipar Cakung Gg. Almusyawarah RT.7 RW.5 ",-6.135104993194015," 106.92172436406078","Korsleting Listrik","1 Rumah Tinggal, 0 Semi Permanen, 0 Gedung, 0 Gudang, 0 Kios/Ruko, 0 Lainnya",0,1,0,500000000
202503,1,3,"KOTA ADM. JAKARTA UTARA",KOJA,"TUGU UTARA","Pasar Lontar Koja, Jln. Mawar IV, RW.11",-6.118484475145289," 106.91036326141955",Gas,"0 Rumah Tinggal, 0 Semi Permanen, 0 Gedung, 0 Gudang, 3 Kios/Ruko, 0 Lainnya",0,4,0,40000000
202506,2,4,"KOTA ADM. JAKARTA BARAT",CENGKARENG,"RAWA BUAYA","Jl. Bojong Kavling RT 16 RW 04",-6.16655206107398," 106.76406742833412","Korsleting Listrik","3 Rumah Tinggal, 0 Semi Permanen, 0 Gedung, 0 Gudang, 0 Kios/Ruko, 0 Lainnya",0,0,0,58975000
202506,2,4,"KOTA ADM. JAKARTA BARAT","KEBON JERUK","DURI KEPA","Jl. Taman Ratu Anggrek Rt 01 rw 013",-6.172216566206792," 106.76928373157287","Korsleting Listrik","0 Rumah Tinggal, 0 Semi Permanen, 0 Gedung, 1 Gudang, 0 Kios/Ruko, 0 Lainnya",0,0,0,5000000
202506,2,4,"KOTA ADM. JAKARTA BARAT",CENGKARENG,"DURI KOSAMBI","Jl. Raya Duri Kosambi No.7, RT.13 RW.7 ",-6.161705153513783," 106.72625827093194","Korsleting Listrik","0 Rumah Tinggal, 0 Semi Permanen, 0 Gedung, 0 Gudang, 1 Kios/Ruko, 0 Lainnya",0,0,0,25000000
202506,2,4,"KOTA ADM. JAKARTA BARAT",TAMBORA,"DURI UTARA","Jl. Duri utara III No.35 RT.12/RW.01",-6.1517076420844825," 106.80547342092999","Korsleting Listrik","0 Rumah Tinggal, 0 Semi Permanen, 0 Gedung, 0 Gudang, 0 Kios/Ruko, 0 Lainnya",0,0,0,40000000
202506,2,4,"KOTA ADM. JAKARTA BARAT","TAMAN SARI",TANGKI,"Jl. Mangga Besar VII No.63K, RT. 01 / RW.02",-6.148532301414522," 106.82231257092924",Gas,"0 Rumah Tinggal, 0 Semi Permanen, 0 Gedung, 0 Gudang, 1 Kios/Ruko, 0 Lainnya",0,0,0,0
202506,2,4,"KOTA ADM. JAKARTA BARAT",CENGKARENG,"RAWA BUAYA","Jl. Dharma Wanita IV RT 012 RW 002",-6.156396598607016," 106.7330571655429","Korsleting Listrik","1 Rumah Tinggal, 0 Semi Permanen, 0 Gedung, 0 Gudang, 0 Kios/Ruko, 0 Lainnya",0,0,0,10000000
202506,2,4,"KOTA ADM. JAKARTA BARAT","KEBON JERUK","KEDOYA SELATAN","Jln. Green garden Blok A10 RT.6 RW.3",-6.179295785480721," 106.75107079494842","Korsleting Listrik","0 Rumah Tinggal, 1 Semi Permanen, 0 Gedung, 0 Gudang, 0 Kios/Ruko, 0 Lainnya",0,0,0,20000000
202506,2,4,"KOTA ADM. JAKARTA BARAT",CENGKARENG,KAPUK,"Jl. Dahlia, RT. 009  RW. 009",-6.14940838199459," 106.7475295482765",Gas,"0 Rumah Tinggal, 0 Semi Permanen, 0 Gedung, 0 Gudang, 1 Kios/Ruko, 0 Lainnya",0,2,0,10000000
202506,2,4,"KOTA ADM. JAKARTA BARAT",KALIDERES,PEGADUNGAN,"Jl. Peta Utara Kampung Wadas, RT. 007 RW. 011",-6.1389300220842244," 106.70242504040404","Pembakaran Sampah","0 Rumah Tinggal, 0 Semi Permanen, 0 Gedung, 1 Gudang, 0 Kios/Ruko, 0 Lainnya",0,0,0,50000000
202506,2,4,"KOTA ADM. JAKARTA BARAT","TAMAN SARI",TANGKI,"Jl. Mangga Besar IX RT 011 RW 001",-6.145703273901067," 106.824080620928","Korsleting Listrik","1 Rumah Tinggal, 0 Semi Permanen, 0 Gedung, 0 Gudang, 0 Kios/Ruko, 0 Lainnya",0,0,0,100000
202506,2,4,"KOTA ADM. JAKARTA BARAT","TAMAN SARI","TAMAN SARI","Jl. Mangga Besar 4 Selatan RT 010 RW 007",-6.157946479721072," 106.82422624951566","Korsleting Listrik","0 Rumah Tinggal, 0 Semi Permanen, 0 Gedung, 0 Gudang, 6 Kios/Ruko, 0 Lainnya",0,0,0,500000000
202506,2,4,"KOTA ADM. JAKARTA BARAT","PAL MERAH",KEMANGGISAN,"Jl.Bakti Dalam 4 No. 1 RT 04 RW 09",-6.190988742230739," 106.78273457116488",Gas,"1 Rumah Tinggal, 0 Semi Permanen, 0 Gedung, 0 Gudang, 0 Kios/Ruko, 0 Lainnya",0,0,0,5000000
202506,2,4,"KOTA ADM. JAKARTA BARAT","TAMAN SARI","TAMAN SARI","Jl. Raya Mangga Besar, RT.15 RW. 01",-6.1479026054247266," 106.8260570016208","Putung Rokok","1 Rumah Tinggal, 0 Semi Permanen, 0 Gedung, 0 Gudang, 0 Kios/Ruko, 0 Lainnya",0,0,0,0
202506,2,4,"KOTA ADM. JAKARTA BARAT","TAMAN SARI",PINANGSIA,"Jl. Kunir No.18, RT 002/07",-6.130264448062041," 106.8140817446802","Korsleting Listrik","1 Rumah Tinggal, 0 Semi Permanen, 0 Gedung, 0 Gudang, 0 Kios/Ruko, 0 Lainnya",0,0,0,3000000
202506,2,4,"KOTA ADM. JAKARTA BARAT",CENGKARENG,"CENGKARENG BARAT","Jl. Ring Road, RT.9 RW.7",-6.142591287224663," 106.72900979903413",Gas,"0 Rumah Tinggal, 0 Semi Permanen, 0 Gedung, 0 Gudang, 1 Kios/Ruko, 0 Lainnya",0,0,0,500000
202506,2,4,"KOTA ADM. JAKARTA BARAT",KEMBANGAN,"MERUYA SELATAN","Jl. H. Mandor Juhri, Gg. H. Badol , RT.3 RW.2",-6.196612366174139," 106.74255060964035",Gas,"0 Rumah Tinggal, 0 Semi Permanen, 0 Gedung, 0 Gudang, 0 Kios/Ruko, 0 Lainnya",0,0,0,500000
202506,2,4,"KOTA ADM. JAKARTA BARAT",TAMBORA,KRENDANG,"Jl. Krendang 1 RT. 07 RW. 02",-6.15140366204537," 106.80724872020645",Gas,"1 Rumah Tinggal, 0 Semi Permanen, 0 Gedung, 0 Gudang, 0 Kios/Ruko, 0 Lainnya",0,0,0,500000
202506,2,4,"KOTA ADM. JAKARTA PUSAT",MENTENG,PEGANGSAAN,"Jl. Tambak RT 009 RW 004",-6.204547949533047," 106.84909728952512","Korsleting Listrik","0 Rumah Tinggal, 1 Semi Permanen, 0 Gedung, 0 Gudang, 0 Kios/Ruko, 0 Lainnya",0,0,0,25000000
202506,2,4,"KOTA ADM. JAKARTA PUSAT","CEMPAKA PUTIH","CEMPAKA PUTIH TIMUR","Jl. Letjen Suprapto No.20 RT 010 RW 007",-6.1666418605330735," 106.87401219369903","Korsleting Listrik","0 Rumah Tinggal, 0 Semi Permanen, 1 Gedung, 0 Gudang, 0 Kios/Ruko, 0 Lainnya",0,5,0,250000000
202506,2,4,"KOTA ADM. JAKARTA PUSAT","TANAH ABANG","KARET TENGSIN","Jl. Karet Pasar Baru Barat I  RT 004 RW 006 (Titik kenal SDN 13)",-6.201453495530423," 106.81470694631699","korek api","1 Rumah Tinggal, 0 Semi Permanen, 0 Gedung, 0 Gudang, 0 Kios/Ruko, 0 Lainnya",0,0,0,500000
202506,2,4,"KOTA ADM. JAKARTA PUSAT",GAMBIR,"KEBON KELAPA","Jl. Batu Tulis VII, no.21, RT.006/RW.003",-6.164521282786132," 106.82506918292057","Korsleting Listrik","19 Rumah Tinggal, 0 Semi Permanen, 0 Gedung, 0 Gudang, 0 Kios/Ruko, 0 Lainnya",0,1,150,1500000000
202506,2,4,"KOTA ADM. JAKARTA PUSAT",SENEN,BUNGUR,"Jl. Kalibaru Timur No.6 RT 006 RW 009",-6.168131763038159," 106.84792550485804","Korsleting Listrik","8 Rumah Tinggal, 0 Semi Permanen, 0 Gedung, 0 Gudang, 0 Kios/Ruko, 0 Lainnya",0,0,32,365000000
202506,2,4,"KOTA ADM. JAKARTA PUSAT",GAMBIR,"PETOJO SELATAN","Jl. Kebon Jahe 8, RT 9 RW 2",-6.179272145066353," 106.81427976731787","Korsleting Listrik","1 Rumah Tinggal, 0 Semi Permanen, 0 Gedung, 0 Gudang, 0 Kios/Ruko, 0 Lainnya",0,0,0,10000000
202506,2,4,"KOTA ADM. JAKARTA PUSAT",KEMAYORAN,"KEBON KOSONG","Jl. Landas Pacu Utara Selatan RT 008 RW 012, Apartemen Mediterania Lagoon Tower A Lantai 8 Unit 8F",-6.15280459906776," 106.85288337093026","Kompor Portable Meledak","0 Rumah Tinggal, 0 Semi Permanen, 1 Gedung, 0 Gudang, 0 Kios/Ruko, 0 Lainnya",0,0,0,50000000
202506,2,4,"KOTA ADM. JAKARTA PUSAT",KEMAYORAN,KEMAYORAN,"Jln. Kemayoran Barat 2 RT 08 RW 05 No 1 (titik kenal Masjid Adiya Guru Syaban) ",-6.162778599985932," 106.8466704055864","Korsleting Listrik","1 Rumah Tinggal, 0 Semi Permanen, 0 Gedung, 0 Gudang, 0 Kios/Ruko, 0 Lainnya",0,0,0,70000000
202506,2,4,"KOTA ADM. JAKARTA SELATAN","MAMPANG PRAPATAN","TEGAL PARANG"," Jln. Tegal Parang Utara No.15, RT 02 RW 07",-6.242912787605368," 106.83210947094706","Korsleting Listrik","1 Rumah Tinggal, 0 Semi Permanen, 0 Gedung, 0 Gudang, 0 Kios/Ruko, 0 Lainnya",0,1,0,970000000
202506,2,4,"KOTA ADM. JAKARTA SELATAN",PESANGGRAHAN,ULUJAMI,"Jl. Kantil RT.006/RW.001",-6.230688393679585," 106.76033249025318","Korsleting Listrik","2 Rumah Tinggal, 0 Semi Permanen, 0 Gedung, 0 Gudang, 0 Kios/Ruko, 0 Lainnya",0,0,0,117950000
202506,2,4,"KOTA ADM. JAKARTA SELATAN","PASAR MINGGU",RAGUNAN,"Jl. Khair  RT.001 RW.004 No. 4C",-6.303059154903114," 106.81708501699575","Korsleting Listrik","1 Rumah Tinggal, 0 Semi Permanen, 0 Gedung, 0 Gudang, 0 Kios/Ruko, 0 Lainnya",0,0,0,20000000
202506,2,4,"KOTA ADM. JAKARTA SELATAN",TEBET,"TEBET BARAT","Jl. Letjen M.T. Haryono No.Kav. 17, RT. 11 RW. 05",-6.242079434493573," 106.86027469217447","Korsleting Listrik","0 Rumah Tinggal, 0 Semi Permanen, 1 Gedung, 0 Gudang, 0 Kios/Ruko, 0 Lainnya",0,0,0,112164000
202506,2,4,"KOTA ADM. JAKARTA SELATAN",PANCORAN,KALIBATA,"Jl. Warung Jati ll, RT.007 RW.004",-6.265032999125661," 106.83544606462772",Gas,"0 Rumah Tinggal, 0 Semi Permanen, 0 Gedung, 0 Gudang, 1 Kios/Ruko, 0 Lainnya",0,0,0,200000
202506,2,4,"KOTA ADM. JAKARTA SELATAN","KEBAYORAN BARU","CIPETE UTARA","Jl. Damai raya RT.04 RW.02",-6.260146696905429," 106.80126628629598",Gas,"0 Rumah Tinggal, 0 Semi Permanen, 0 Gedung, 0 Gudang, 1 Kios/Ruko, 0 Lainnya",0,1,0,50000000
202506,2,4,"KOTA ADM. JAKARTA SELATAN","PASAR MINGGU",KEBAGUSAN,"Jl. Kebagusan Dalam IV No. 31A RT.6/RW.4",-6.317902396129906," 106.82999677096142",Lilin,"1 Rumah Tinggal, 0 Semi Permanen, 0 Gedung, 0 Gudang, 0 Kios/Ruko, 0 Lainnya",0,2,0,200000000
202506,2,4,"KOTA ADM. JAKARTA SELATAN",PESANGGRAHAN,PESANGGRAHAN,"Jl. Bintaro Permai, RT.006/RW.02 (Pasar Bintaro Permai)",-6.255661383492161," 106.76142640164107","Korsleting Listrik","0 Rumah Tinggal, 0 Semi Permanen, 0 Gedung, 0 Gudang, 1 Kios/Ruko, 0 Lainnya",0,0,0,431000000
202506,2,4,"KOTA ADM. JAKARTA SELATAN",SETIABUDI,"KUNINGAN TIMUR","Jl. Perintis No.20, RT.3 RW.5 ",-6.22829838761731," 106.82705720313496",Gas,"1 Rumah Tinggal, 0 Semi Permanen, 0 Gedung, 0 Gudang, 0 Kios/Ruko, 0 Lainnya",0,0,0,10000000
202506,2,4,"KOTA ADM. JAKARTA SELATAN",PESANGGRAHAN,"PETUKANGAN UTARA","Jl. Palem V No.1B RT 004 RW 008",-6.225236506130698," 106.755398889531","Pembakaran Sampah","0 Rumah Tinggal, 0 Semi Permanen, 0 Gedung, 0 Gudang, 3 Kios/Ruko, 0 Lainnya",0,0,0,75000000
202506,2,4,"KOTA ADM. JAKARTA SELATAN",CILANDAK,"CIPETE SELATAN","Jl. H. Junaedi RT 012/ RW 003",-6.273284206424106," 106.8000265222115","Korek Api","0 Rumah Tinggal, 0 Semi Permanen, 0 Gedung, 0 Gudang, 0 Kios/Ruko, 0 Lainnya",0,0,0,10000000
202506,2,4,"KOTA ADM. JAKARTA TIMUR",PULOGADUNG,"KAYU PUTIH","Jl. Kusen V No.12 RT 004 RW 002",-6.1850967389060765," 106.88630881588797","Korsleting Listrik","1 Rumah Tinggal, 0 Semi Permanen, 0 Gedung, 0 Gudang, 0 Kios/Ruko, 0 Lainnya",0,0,0,500000000
202506,2,4,"KOTA ADM. JAKARTA TIMUR",KRAMATJATI,CILILITAN,"Jl. SMA 14 RT 006 RW 004",-6.256212635334348," 106.86728515778967","Bermain Api di Dalam Rumah","2 Rumah Tinggal, 0 Semi Permanen, 0 Gedung, 0 Gudang, 2 Kios/Ruko, 0 Lainnya",0,0,0,100000000
202506,2,4,"KOTA ADM. JAKARTA TIMUR",CAKUNG,"PULO GEBANG","Perumahan Eramas 2000 Blok B8 No.5 RT 005 RW 015",-6.209040690856403," 106.9466910578784","Korsleting Listrik","1 Rumah Tinggal, 0 Semi Permanen, 0 Gedung, 0 Gudang, 0 Kios/Ruko, 0 Lainnya",0,0,0,10000000
202506,2,4,"KOTA ADM. JAKARTA TIMUR",CIPAYUNG,"LUBANG BUAYA","Jl. Kramat 3 RT/RW 03/02 ",-6.2917394603369035," 106.90790634026482","Korsleting Listrik","1 Rumah Tinggal, 0 Semi Permanen, 0 Gedung, 0 Gudang, 0 Kios/Ruko, 0 Lainnya",0,0,0,20000000
202506,2,4,"KOTA ADM. JAKARTA TIMUR",CAKUNG,"PULO GEBANG","Jl. Rawa Bebek Gg. Amal II RT003 RW 001 ",-6.203233302109038," 106.95969838088483","Korsleting Listrik","1 Rumah Tinggal, 0 Semi Permanen, 0 Gedung, 0 Gudang, 0 Kios/Ruko, 0 Lainnya",0,0,0,50000000
202506,2,4,"KOTA ADM. JAKARTA TIMUR","DUREN SAWIT",KLENDER,"Jl. Kapiten RT 009 RW 004",-6.217679371382279," 106.8987179703385","Korsleting Listrik","1 Rumah Tinggal, 0 Semi Permanen, 0 Gedung, 0 Gudang, 0 Kios/Ruko, 0 Lainnya",0,0,0,50000000
202506,2,4,"KOTA ADM. JAKARTA TIMUR",CAKUNG,"PULO GEBANG","Jl. KH. Abdurrahman RT 006/008",-6.211453949508104," 106.95126336280322","Sisa bara kayu bakar ","0 Rumah Tinggal, 0 Semi Permanen, 0 Gedung, 0 Gudang, 0 Kios/Ruko, 0 Lainnya",0,0,0,100000000
202506,2,4,"KOTA ADM. JAKARTA TIMUR",KRAMATJATI,"BATU AMPAR","Jl. Batu Jaya (Town House) No.141, RT002/RW03",-6.282967836070099," 106.86144701699202","Korsleting Listrik","1 Rumah Tinggal, 0 Semi Permanen, 0 Gedung, 0 Gudang, 0 Kios/Ruko, 0 Lainnya",0,0,0,20000000
202506,2,4,"KOTA ADM. JAKARTA TIMUR",CAKUNG,PENGGILINGAN,"Jl. Kali Buaran RT.010/RW.07",-6.199459746063202," 106.93509123279783","Korsleting Listrik","1 Rumah Tinggal, 0 Semi Permanen, 0 Gedung, 0 Gudang, 0 Kios/Ruko, 0 Lainnya",0,0,0,50000000
202506,2,4,"KOTA ADM. JAKARTA TIMUR","DUREN SAWIT",KLENDER,"Jl. Pahlawan Revolusi Gg Kapuk 3 RT 011 RW 05",-6.218099817962302," 106.90141452041829","Percikan Las yang mengenai tumpahan tiner","0 Rumah Tinggal, 0 Semi Permanen, 0 Gedung, 0 Gudang, 1 Kios/Ruko, 0 Lainnya",0,1,0,10000000
202506,2,4,"KOTA ADM. JAKARTA TIMUR",MATRAMAN,"KEBON MANGGIS","Jl. Matraman Raya No.70 RT 009 RW 002",-6.204149269014294," 106.85740929267482","Korsleting Listrik","1 Rumah Tinggal, 0 Semi Permanen, 0 Gedung, 0 Gudang, 0 Kios/Ruko, 0 Lainnya",0,0,0,70000000
202506,2,4,"KOTA ADM. JAKARTA TIMUR",PULOGADUNG,JATI,"Jl. Pulo Asem Utara X RT.12 RW.2 ",-6.189297174105741," 106.89575676525148","Korsleting Listrik","0 Rumah Tinggal, 0 Semi Permanen, 1 Gedung, 0 Gudang, 0 Kios/Ruko, 0 Lainnya",0,0,0,30000000
202506,2,4,"KOTA ADM. JAKARTA TIMUR",CIPAYUNG,SETU,"Jl. Tolo Gg. Tileng RT.4 RW.4 Kel. Setu Kec. Cipayung",-6.314780376656664," 106.91782988914213",Gas,"0 Rumah Tinggal, 0 Semi Permanen, 0 Gedung, 0 Gudang, 1 Kios/Ruko, 0 Lainnya",0,0,0,25000000
202506,2,4,"KOTA ADM. JAKARTA TIMUR",CIRACAS,CIRACAS,"Jl. Raya Jakarta-Bogor No.25 26, RT.4/RW.8",-6.325311902917169," 106.86742303254914","Korsleting Listrik","0 Rumah Tinggal, 0 Semi Permanen, 0 Gedung, 0 Gudang, 0 Kios/Ruko, 0 Lainnya",0,0,0,500000000
202506,2,4,"KOTA ADM. JAKARTA TIMUR",CAKUNG,"CAKUNG TIMUR","Jl. Abdul Rahman RT.005 RW.004",-6.17418849067826," 106.94621727019289","Puntung Rokok","0 Rumah Tinggal, 0 Semi Permanen, 0 Gedung, 0 Gudang, 1 Kios/Ruko, 0 Lainnya",0,0,0,5000000
202506,2,4,"KOTA ADM. JAKARTA TIMUR",CIRACAS,"KELAPA DUA WETAN","Jl. Akmaliah II No 17 RT 05 RW 02",-6.334478838492618," 106.8789943863102",Gas,"1 Rumah Tinggal, 0 Semi Permanen, 0 Gedung, 0 Gudang, 0 Kios/Ruko, 0 Lainnya",0,0,0,5000000
202506,2,4,"KOTA ADM. JAKARTA UTARA","TANJUNG PRIOK","SUNTER AGUNG"," Jl. Ancol Selatan RT.04 RW.07",-6.1317781572680685," 106.85822350161786","Percikan api pada saat las (LN)","0 Rumah Tinggal, 0 Semi Permanen, 0 Gedung, 0 Gudang, 1 Kios/Ruko, 0 Lainnya",0,0,0,10000000
202506,2,4,"KOTA ADM. JAKARTA UTARA",CILINCING,"SEMPER BARAT","Kav. Tipar Timur RT.12 RW.4",-6.132014164318332," 106.92719910954314","Korsleting Listrik","0 Rumah Tinggal, 1 Semi Permanen, 0 Gedung, 0 Gudang, 0 Kios/Ruko, 0 Lainnya",0,0,0,20000000
202506,2,4,"KOTA ADM. JAKARTA UTARA","KELAPA GADING","KELAPA GADING BARAT","Jl. Kelapa Gading Barat Raya RT 011 RW 016, Kel. Kelapa Gading, Kec. Kelapa Gading",-6.153941648837923," 106.89869471279677","Botol Bensin yang Terjatuh","0 Rumah Tinggal, 0 Semi Permanen, 0 Gedung, 0 Gudang, 1 Kios/Ruko, 0 Lainnya",0,0,0,1000000
202506,2,4,"KOTA ADM. JAKARTA UTARA","KELAPA GADING","PEGANGSAAN DUA","Jl. Gading Arkadia Blok A, RT. 10 RW. 022",-6.163443925152175," 106.92054527093215","Korsleting Listrik","1 Rumah Tinggal, 0 Semi Permanen, 0 Gedung, 0 Gudang, 0 Kios/Ruko, 0 Lainnya",0,0,0,200000000
202506,2,4,"KOTA ADM. JAKARTA UTARA","TANJUNG PRIOK","TANJUNG PRIOK","Jl. Samudra II Rt02. Rw 14",-6.116464839804423," 106.87068883230657","Korsleting Listrik","1 Rumah Tinggal, 0 Semi Permanen, 0 Gedung, 0 Gudang, 0 Kios/Ruko, 0 Lainnya",0,0,0,50000000
202506,2,4,"KOTA ADM. JAKARTA UTARA",KOJA,"TUGU UTARA","Jl. Melati 7, RT.  11 RW. 09",-6.119960216578938," 106.90734865507343","Korsleting Listrik","1 Rumah Tinggal, 0 Semi Permanen, 0 Gedung, 0 Gudang, 0 Kios/Ruko, 0 Lainnya",0,0,0,500000000
202506,2,5,"KAB. ADM. KEP. SERIBU","KEPULAUAN SERIBU UTARA","PULAU HARAPAN","Pulau Semut",-5.649631371284083," 106.57832351248881","Korsleting Listrik","0 Rumah Tinggal, 0 Semi Permanen, 3 Gedung, 0 Gudang, 0 Kios/Ruko, 0 Lainnya",0,0,0,1000000000
202506,2,5,"KOTA ADM. JAKARTA BARAT","PAL MERAH","KOTA BAMBU SELATAN","Jl. Ks Tubun I RT. 03/RW. 02 ",-6.18787093119314," 106.80798667417739","Korsleting Listrik","1 Rumah Tinggal, 0 Semi Permanen, 0 Gedung, 0 Gudang, 0 Kios/Ruko, 0 Lainnya",0,1,0,70000000
202506,2,5,"KOTA ADM. JAKARTA BARAT",CENGKARENG,KAPUK,"Jl. Waru Raya RT.013/RW.09",-6.1484567669078265," 106.74586240676095","Korsleting Listrik","4 Rumah Tinggal, 0 Semi Permanen, 0 Gedung, 0 Gudang, 2 Kios/Ruko, 0 Lainnya",0,1,0,2500000000
202506,2,5,"KOTA ADM. JAKARTA BARAT",CENGKARENG,"DURI KOSAMBI","Jln. Taman Semanan Indah, d32A, RT.2/RW.7",-6.16369283368869," 106.72447404348502",Gas,"0 Rumah Tinggal, 0 Semi Permanen, 0 Gedung, 0 Gudang, 1 Kios/Ruko, 0 Lainnya",0,0,0,800000000
202506,2,5,"KOTA ADM. JAKARTA BARAT","KEBON JERUK","KEDOYA SELATAN","Jl. Panjang No.26, RT.015/RW.07",-6.16784646497663," 106.76512041349342","Korsleting Listrik","0 Rumah Tinggal, 0 Semi Permanen, 0 Gedung, 0 Gudang, 1 Kios/Ruko, 0 Lainnya",0,0,0,5000000000
202506,2,5,"KOTA ADM. JAKARTA BARAT","GROGOL PETAMBURAN","WIJAYA KUSUMA","Jl. Komplek BNI QQ RT 001 RW 004",-6.155484911970995," 106.77450561780157","Korsleting Listrik","0 Rumah Tinggal, 0 Semi Permanen, 0 Gedung, 0 Gudang, 1 Kios/Ruko, 0 Lainnya",0,0,0,231200000
202506,2,5,"KOTA ADM. JAKARTA BARAT","KEBON JERUK","SUKABUMI SELATAN","Jl. H. Sholeh ll RT 06 /RW 02",-6.21975428486175," 106.77614160487224","Korek Api","0 Rumah Tinggal, 0 Semi Permanen, 0 Gedung, 1 Gudang, 0 Kios/Ruko, 0 Lainnya",0,0,0,100000000
202506,2,5,"KOTA ADM. JAKARTA BARAT",KALIDERES,PEGADUNGAN,"Jl. Madrasah RT.03/RW.04",-6.139096554933041," 106.71632347324665","Kebocoran Kompor Gas","0 Rumah Tinggal, 0 Semi Permanen, 0 Gedung, 0 Gudang, 0 Kios/Ruko, 0 Lainnya",0,0,0,1000000
202506,2,5,"KOTA ADM. JAKARTA BARAT",CENGKARENG,"KEDAUNG KALI ANGKE","Jl. Gg. H. Musanif  RT 001 RW 08 ",-6.153171491146235," 106.75763173559528",Gas,"0 Rumah Tinggal, 0 Semi Permanen, 0 Gedung, 0 Gudang, 1 Kios/Ruko, 0 Lainnya",0,0,0,50000000
202506,2,5,"KOTA ADM. JAKARTA BARAT",TAMBORA,"JEMBATAN BESI","Jl. Jembatan Besi Raya, RT. 01 RW. 03",-6.151185093442956," 106.79962125397047",Gas,"1 Rumah Tinggal, 0 Semi Permanen, 0 Gedung, 0 Gudang, 0 Kios/Ruko, 0 Lainnya",0,0,0,5000000
202506,2,5,"KOTA ADM. JAKARTA BARAT",KEMBANGAN,SRENGSENG,"Jl.Meruya Ilir  RT. 01/RW. 01",-6.200011834667992," 106.75241631094096","Korsleting Listrik","0 Rumah Tinggal, 0 Semi Permanen, 0 Gedung, 0 Gudang, 1 Kios/Ruko, 0 Lainnya",0,0,0,15000000
202506,2,5,"KOTA ADM. JAKARTA BARAT","KEBON JERUK","SUKABUMI SELATAN","Jl. Pahlawan II 33-65, RT.1/RW.5",-6.21913413164076," 106.76686283555786","Korsleting Listrik","1 Rumah Tinggal, 0 Semi Permanen, 0 Gedung, 0 Gudang, 0 Kios/Ruko, 0 Lainnya",0,0,0,120000000
202506,2,5,"KOTA ADM. JAKARTA BARAT",KEMBANGAN,"MERUYA SELATAN","Kavling DKI Gg. Musholla Nurul Iman ",-6.202195172327883," 106.73288951435421","Korsleting Listrik","0 Rumah Tinggal, 0 Semi Permanen, 0 Gedung, 1 Gudang, 0 Kios/Ruko, 0 Lainnya",0,0,0,0
202506,2,5,"KOTA ADM. JAKARTA BARAT",KEMBANGAN,SRENGSENG,"Jl. Taman Kebon Jeruk Intercon RT 007 RW 002",-6.198284061875406," 106.74874375496489","Korsleting Listrik","0 Rumah Tinggal, 0 Semi Permanen, 1 Gedung, 0 Gudang, 0 Kios/Ruko, 0 Lainnya",0,0,0,0
202506,2,5,"KOTA ADM. JAKARTA BARAT",TAMBORA,"TANAH SEREAL","Jln. Tanah Sereal XVIII No 17a Rt 01/Rw 09",-6.1523081597357026," 106.8093553134933","Korsleting Listrik","1 Rumah Tinggal, 0 Semi Permanen, 0 Gedung, 0 Gudang, 1 Kios/Ruko, 0 Lainnya",0,0,0,432000000
202506,2,5,"KOTA ADM. JAKARTA BARAT",CENGKARENG,KAPUK,"Jl. Pasar Timbul RT 003 RW 016, Kel. Kapuk, Cengkareng",-6.141817191316402," 106.74507820078696","Korsleting Listrik","1 Rumah Tinggal, 0 Semi Permanen, 0 Gedung, 0 Gudang, 0 Kios/Ruko, 0 Lainnya",0,0,0,3000000
202506,2,5,"KOTA ADM. JAKARTA BARAT",CENGKARENG,"CENGKARENG BARAT","Jl. Jaya 10 B RT.001 RW.009 ",-6.126364405330232," 106.72426909932621","obat nyamuk bakar","1 Rumah Tinggal, 0 Semi Permanen, 0 Gedung, 0 Gudang, 0 Kios/Ruko, 0 Lainnya",0,0,0,30000000
202506,2,5,"KOTA ADM. JAKARTA BARAT","TAMAN SARI",TANGKI,"Jl. Ibrahim Dalam, RT.13/RW.6",-6.143986831364525," 106.82398939145224","Korsleting Listrik","1 Rumah Tinggal, 0 Semi Permanen, 0 Gedung, 0 Gudang, 0 Kios/Ruko, 0 Lainnya",0,0,0,20000000
202506,2,5,"KOTA ADM. JAKARTA BARAT",KEMBANGAN,"MERUYA SELATAN","Jl. Meruya  Selatan RT 001 RW 001",-6.209468088351525," 106.73804738602429","Puntung Rokok","0 Rumah Tinggal, 1 Semi Permanen, 0 Gedung, 0 Gudang, 0 Kios/Ruko, 0 Lainnya",0,0,0,3000000
202506,2,5,"KOTA ADM. JAKARTA PUSAT",MENTENG,"KEBON SIRIH","Jl. Menteng Raya No 33 RT 001 RW 010",-6.185724172440995," 106.83654642020564",n.a,"0 Rumah Tinggal, 0 Semi Permanen, 1 Gedung, 0 Gudang, 0 Kios/Ruko, 0 Lainnya",0,0,0,0
202506,2,5,"KOTA ADM. JAKARTA PUSAT",GAMBIR,GAMBIR,"Jl. Budi Kemuliaan RT.02 RW.03",-6.179189913056015," 106.81842634348953","Korsleting Listrik","0 Rumah Tinggal, 0 Semi Permanen, 0 Gedung, 0 Gudang, 0 Kios/Ruko, 0 Lainnya",0,0,0,0
202506,2,5,"KOTA ADM. JAKARTA PUSAT",KEMAYORAN,"CEMPAKA BARU","Jl. Cempaka Baru RT 010 RW 005",-6.169965725059027," 106.86205463120251","Korsleting Listrik","1 Rumah Tinggal, 0 Semi Permanen, 0 Gedung, 0 Gudang, 0 Kios/Ruko, 0 Lainnya",0,0,0,20000000
202506,2,5,"KOTA ADM. JAKARTA PUSAT",KEMAYORAN,"GUNUNG SAHARI SELATAN","Jl. Kran II no. 12 B RT 005 Rw 005",-6.160700684771278," 106.84360397284662",Gas,"1 Rumah Tinggal, 0 Semi Permanen, 0 Gedung, 0 Gudang, 0 Kios/Ruko, 0 Lainnya",0,0,0,1000000
202506,2,5,"KOTA ADM. JAKARTA PUSAT",GAMBIR,CIDENG," Jl. Petojo Selatan X No.5A, RT 003 RW 011",-6.1658945575641955," 106.80977664066785","Korsleting Listrik","1 Rumah Tinggal, 0 Semi Permanen, 0 Gedung, 0 Gudang, 1 Kios/Ruko, 0 Lainnya",0,0,0,2548740000
202506,2,5,"KOTA ADM. JAKARTA PUSAT","JOHAR BARU","KAMPUNG RAWA","Jl. Rawa Selatan RT 011/RW 007",-6.1787625384724745," 106.8552849554035","Korsleting Listrik","1 Rumah Tinggal, 0 Semi Permanen, 0 Gedung, 0 Gudang, 0 Kios/Ruko, 0 Lainnya",0,0,0,50000000
202506,2,5,"KOTA ADM. JAKARTA PUSAT",GAMBIR,CIDENG,"Jl. Biak no 32 RT 004/RW 004",-6.168427230804888," 106.80847997417236",Gas,"0 Rumah Tinggal, 0 Semi Permanen, 0 Gedung, 0 Gudang, 1 Kios/Ruko, 0 Lainnya",0,0,0,30000000
202506,2,5,"KOTA ADM. JAKARTA PUSAT",KEMAYORAN,"UTAN PANJANG","Jl. Hj Ung Dalam Gg. Q RT.013/RW.03",-6.1634802355087315," 106.85753607417065","Korsleting Listrik","1 Rumah Tinggal, 0 Semi Permanen, 0 Gedung, 0 Gudang, 0 Kios/Ruko, 0 Lainnya",0,0,0,4000000
202506,2,5,"KOTA ADM. JAKARTA PUSAT",SENEN,KRAMAT,"Jl. Kramat Pulo Dalam II No 45, RT 004/RW 008",-6.183242099387161," 106.84795263975968","Korsleting Listrik","1 Rumah Tinggal, 0 Semi Permanen, 0 Gedung, 0 Gudang, 0 Kios/Ruko, 0 Lainnya",0,0,0,3000000
202506,2,5,"KOTA ADM. JAKARTA SELATAN",PESANGGRAHAN,ULUJAMI,"Jl. Mujaidin Raya RT 04 RW 07",-6.237715236264392," 106.76049249747713","Korsleting Listrik","1 Rumah Tinggal, 0 Semi Permanen, 0 Gedung, 0 Gudang, 0 Kios/Ruko, 0 Lainnya",0,0,0,0
202506,2,5,"KOTA ADM. JAKARTA SELATAN",PANCORAN,PENGADEGAN,"Jl. Pengadegan Utara Raya No.7B RT.002 RW.008",-6.246835499634146," 106.85238575885099","Korsleting Listrik","0 Rumah Tinggal, 0 Semi Permanen, 0 Gedung, 0 Gudang, 1 Kios/Ruko, 0 Lainnya",0,0,0,50000000
202506,2,5,"KOTA ADM. JAKARTA SELATAN","KEBAYORAN BARU",SELONG,"Jl. Senopati No.86, RT. 007 RW. 003",-6.232516131778783," 106.81120969999999","Korsleting Listrik","0 Rumah Tinggal, 0 Semi Permanen, 0 Gedung, 0 Gudang, 1 Kios/Ruko, 0 Lainnya",0,0,0,300000000
202506,2,5,"KOTA ADM. JAKARTA SELATAN",CILANDAK,"CILANDAK BARAT","Jl. KH Muhasim Buntu RT.13 RW.06 No. 2",-6.288491662397434," 106.79073592477171","Korsleting Listrik","1 Rumah Tinggal, 0 Semi Permanen, 0 Gedung, 0 Gudang, 0 Kios/Ruko, 0 Lainnya",0,0,0,1000000
202506,2,5,"KOTA ADM. JAKARTA SELATAN",PANCORAN,KALIBATA,"Jl. Warung jati Barat 1, RT.6 RW.3",-6.263678395809694," 106.8305745565538","korek api","1 Rumah Tinggal, 0 Semi Permanen, 0 Gedung, 0 Gudang, 0 Kios/Ruko, 0 Lainnya",0,0,0,5000000
202506,2,5,"KOTA ADM. JAKARTA SELATAN",JAGAKARSA,CIPEDAK,"Jl. Purwa Raya I RT 007 RW 006",-6.358938568748172," 106.80619709015295","Korsleting Listrik","1 Rumah Tinggal, 0 Semi Permanen, 0 Gedung, 0 Gudang, 0 Kios/Ruko, 0 Lainnya",0,0,0,30000000
202506,2,5,"KOTA ADM. JAKARTA SELATAN",SETIABUDI,"PASAR MANGGIS","Jl. Sultan Agung RT.001 RW.008",-6.208897474621222," 106.8417258392269","Korsleting Listrik","1 Rumah Tinggal, 0 Semi Permanen, 0 Gedung, 0 Gudang, 0 Kios/Ruko, 0 Lainnya",0,0,0,1000000
202506,2,5,"KOTA ADM. JAKARTA SELATAN","MAMPANG PRAPATAN",BANGKA,"Jl. Taman Kemang RT.13 RW.1",-6.256403485883904," 106.81047499693967",Gas,"0 Rumah Tinggal, 0 Semi Permanen, 0 Gedung, 0 Gudang, 1 Kios/Ruko, 0 Lainnya",0,0,0,50000000
202506,2,5,"KOTA ADM. JAKARTA SELATAN","KEBAYORAN BARU",GUNUNG,"Jl. Martimbang IV No.4, RT.007/RW.05",-6.233096744472495," 106.79032922021885","Korsleting Listrik","2 Rumah Tinggal, 0 Semi Permanen, 0 Gedung, 0 Gudang, 0 Kios/Ruko, 0 Lainnya",0,1,0,500000000
202506,2,5,"KOTA ADM. JAKARTA TIMUR",CIPAYUNG,CILANGKAP,"Jl. Raya Cilangkap Baru RT 03 RW 01",-6.345768488498539," 106.90578260545006",Gas,"1 Rumah Tinggal, 0 Semi Permanen, 0 Gedung, 0 Gudang, 0 Kios/Ruko, 0 Lainnya",0,0,0,2000000
202506,2,5,"KOTA ADM. JAKARTA TIMUR",MATRAMAN,"UTAN KAYU UTARA","Jl. Mede No.43 A RT 006 RW 008",-6.194252257590786," 106.8694157690196",Gas,"1 Rumah Tinggal, 0 Semi Permanen, 0 Gedung, 0 Gudang, 0 Kios/Ruko, 0 Lainnya",0,1,0,50000000
202506,2,5,"KOTA ADM. JAKARTA TIMUR",PULOGADUNG,CIPINANG,"Jln. Bekasi Timur Raya No.202 1, RT.1/RW.16",-6.208408355842198," 106.90116863609765","Korsleting Listrik","0 Rumah Tinggal, 0 Semi Permanen, 0 Gedung, 1 Gudang, 1 Kios/Ruko, 0 Lainnya",0,0,12,1000000000
202506,2,5,"KOTA ADM. JAKARTA TIMUR","DUREN SAWIT","MALAKA SARI","Jl. Delima Raya, RT. 001 RW. 005",-6.22088461025424," 106.92658458638762","Korsleting Listrik","1 Rumah Tinggal, 0 Semi Permanen, 0 Gedung, 0 Gudang, 0 Kios/Ruko, 0 Lainnya",0,0,0,50000000
202506,2,5,"KOTA ADM. JAKARTA TIMUR",PULOGADUNG,"JATINEGARA KAUM","Jl. Tanah Koja 2, RT.003 RW.002",-6.2087120512640706," 106.90049938465773","Korsleting Listrik","1 Rumah Tinggal, 0 Semi Permanen, 0 Gedung, 0 Gudang, 0 Kios/Ruko, 0 Lainnya",0,0,0,800000000
202506,2,5,"KOTA ADM. JAKARTA TIMUR",CIPAYUNG,MUNJUL,"Jl. Masjid Al Akbar No.16 C, RT 002/RW 002, ",-6.352429320450615," 106.89542204417896","Korsleting Listrik","1 Rumah Tinggal, 0 Semi Permanen, 0 Gedung, 0 Gudang, 0 Kios/Ruko, 0 Lainnya",0,0,0,10000000
202506,2,5,"KOTA ADM. JAKARTA TIMUR",CIPAYUNG,"LUBANG BUAYA","Jl.H Buang RT 004/005 No. 99",-6.2955035510285615," 106.89672349904407","Korsleting Listrik","1 Rumah Tinggal, 0 Semi Permanen, 0 Gedung, 0 Gudang, 0 Kios/Ruko, 0 Lainnya",0,0,0,10000000
202506,2,5,"KOTA ADM. JAKARTA TIMUR",KRAMATJATI,"BATU AMPAR","Jl. Batu Alam 2 No.56 RT 001/RW 004",-6.321360402119167," 106.93936604352923","Korsleting Listrik","1 Rumah Tinggal, 0 Semi Permanen, 0 Gedung, 0 Gudang, 0 Kios/Ruko, 0 Lainnya",0,0,0,10000000
202506,2,5,"KOTA ADM. JAKARTA TIMUR",JATINEGARA,"CIPINANG CEMPEDAK","Jl. Biru laut raya Rt.04 Rw.11 Kel. Cipinang Cimpedak Kec. Jatinegara",-6.242569436698274," 106.87543951129946","Korsleting Listrik","1 Rumah Tinggal, 0 Semi Permanen, 0 Gedung, 0 Gudang, 0 Kios/Ruko, 0 Lainnya",0,0,0,1000000000
202506,2,5,"KOTA ADM. JAKARTA TIMUR",CAKUNG,JATINEGARA,"Jl. Perumahan Jatinegara Indah No.9, RT.13/RW.12 ( East park apartemen )",-6.2040969770317895," 106.92532289999997",Gas,"0 Rumah Tinggal, 0 Semi Permanen, 1 Gedung, 0 Gudang, 0 Kios/Ruko, 0 Lainnya",0,0,0,50000000
202506,2,5,"KOTA ADM. JAKARTA UTARA",KOJA,"TUGU UTARA","Jl. Walang Permai No. 39, RT 08 RW 12",-6.127173286776601," 106.90716140710111",Gas,"0 Rumah Tinggal, 0 Semi Permanen, 0 Gedung, 0 Gudang, 1 Kios/Ruko, 0 Lainnya",0,0,0,3000000
202506,2,5,"KOTA ADM. JAKARTA UTARA",PADEMANGAN,"PADEMANGAN BARAT","Jl Gang E RT 05&06 RW 06",-6.137115718879381," 106.83453359539473","Kebocoran Gas","4 Rumah Tinggal, 0 Semi Permanen, 0 Gedung, 0 Gudang, 0 Kios/Ruko, 0 Lainnya",2,1,42,900000000
202506,2,5,"KOTA ADM. JAKARTA UTARA",PENJARINGAN,PLUIT,"Jl. Muara Karang Raya No.11 Blok A7 RT 011 RW 008",-6.117133079613622," 106.7825044481821","Korsleting Listrik","0 Rumah Tinggal, 0 Semi Permanen, 0 Gedung, 0 Gudang, 1 Kios/Ruko, 0 Lainnya",0,0,0,200000000
202506,2,5,"KOTA ADM. JAKARTA UTARA",CILINCING,KALIBARU," Jl. Teratai II No.3 Rt.12/07 ",-6.100993529661763," 106.92133352795251",Gas,"2 Rumah Tinggal, 0 Semi Permanen, 0 Gedung, 0 Gudang, 0 Kios/Ruko, 0 Lainnya",0,1,0,50000000
202506,2,5,"KOTA ADM. JAKARTA UTARA",KOJA,"TUGU SELATAN","Jl. Pegangsaan Dua No.5, RT.4/RW.4",-6.1320110533869725," 106.91722462074","Kompor Gas","0 Rumah Tinggal, 0 Semi Permanen, 0 Gedung, 0 Gudang, 1 Kios/Ruko, 0 Lainnya",0,0,0,10000000
202506,2,5,"KOTA ADM. JAKARTA UTARA",CILINCING,MARUNDA,"Pelabuhan 2 KBN, Pergudangan RT 007 RW 002, ",-6.100421951558376," 106.941936745169","Korsleting Listrik","0 Rumah Tinggal, 1 Semi Permanen, 0 Gedung, 0 Gudang, 0 Kios/Ruko, 0 Lainnya",0,0,0,70000000
202506,2,5,"KOTA ADM. JAKARTA UTARA",PENJARINGAN,"KAPUK MUARA","Jl. Kapuk Muara Raya, RT.007/RW.03",-6.1316163147994995," 106.77529881534228","Korsleting Listrik","0 Rumah Tinggal, 0 Semi Permanen, 0 Gedung, 0 Gudang, 1 Kios/Ruko, 0 Lainnya",0,0,0,1500000000
202506,2,6,"KOTA ADM. JAKARTA BARAT","PAL MERAH",JATIPULO,"Jl. Tomang Pulo II No 2, RT. 18 RW. 06",-6.1730014202162655," 106.81065019161433","Korsleting Listrik","7 Rumah Tinggal, 0 Semi Permanen, 0 Gedung, 0 Gudang, 0 Kios/Ruko, 0 Lainnya",0,2,27,600000000
202506,2,6,"KOTA ADM. JAKARTA BARAT","GROGOL PETAMBURAN","TANJUNG DUREN UTARA","Jl. Taman Daan Mogot Raya, RT. 02/RW. 01",-6.16769832910229," 106.78457657417212","Korsleting Listrik","0 Rumah Tinggal, 0 Semi Permanen, 0 Gedung, 0 Gudang, 1 Kios/Ruko, 0 Lainnya",0,0,0,2000000
202506,2,6,"KOTA ADM. JAKARTA BARAT",CENGKARENG,"DURI KOSAMBI","Terminal Bus Transjakarta; Jl. KH. Abdul Wahab RT 006 RW 006",-6.15960838047033," 106.72412514985434","Percikan Api (proses pemotongan minibus terkena material yang mudah terbakar dan terjadi perambatan ke unit bus lainnya).","0 Rumah Tinggal, 0 Semi Permanen, 0 Gedung, 0 Gudang, 0 Kios/Ruko, 0 Lainnya",0,0,0,1250000000
202506,2,6,"KOTA ADM. JAKARTA BARAT",KALIDERES,"TEGAL ALUR","Jl. Taman Palem Blok AA RT 003 RW 016",-6.129236768908898," 106.71654764079834","Korsleting Listrik","1 Rumah Tinggal, 0 Semi Permanen, 0 Gedung, 0 Gudang, 0 Kios/Ruko, 0 Lainnya",0,0,0,30000000
202506,2,6,"KOTA ADM. JAKARTA BARAT",CENGKARENG,"RAWA BUAYA","Jln. Cabe Rawit Raya No 9B Rt 5 Rw 12",-6.160900896361561," 106.74177369325407","Sisa Bakaran Sampah yang Kembali Menyala","0 Rumah Tinggal, 9 Semi Permanen, 0 Gedung, 0 Gudang, 0 Kios/Ruko, 0 Lainnya",0,0,0,900000000
202506,2,6,"KOTA ADM. JAKARTA BARAT",KEMBANGAN,"MERUYA SELATAN","Jl. Gang H. Onar RT. 002/RW.0",-6.207241779119784," 106.72705873558198","Korsleting Listrik","1 Rumah Tinggal, 0 Semi Permanen, 0 Gedung, 0 Gudang, 0 Kios/Ruko, 0 Lainnya",0,0,0,75000000
202506,2,6,"KOTA ADM. JAKARTA BARAT",CENGKARENG,KAPUK,"Jl. Peternakan II Kebon Sayur RT 006 RW 007",-6.140425150874523," 106.75768484889613","Korsleting Listrik","1 Rumah Tinggal, 0 Semi Permanen, 0 Gedung, 0 Gudang, 0 Kios/Ruko, 0 Lainnya",0,0,0,3000000
202506,2,6,"KOTA ADM. JAKARTA BARAT","KEBON JERUK","KEBON JERUK","Jl. Panjang No 8 RT 010/ RW 011",-6.190868909351302," 106.8033066722015","Korsleting Listrik","0 Rumah Tinggal, 0 Semi Permanen, 0 Gedung, 0 Gudang, 1 Kios/Ruko, 0 Lainnya",0,1,0,200000000
202506,2,6,"KOTA ADM. JAKARTA BARAT",CENGKARENG,"RAWA BUAYA","Jl. Pulo Nangka 1, RT.10 RW.02 (Sebelah Apartemen Vittoria Residence)",-6.1564315160155925," 106.73605718156902","Korsleting Listrik","8 Rumah Tinggal, 0 Semi Permanen, 0 Gedung, 0 Gudang, 0 Kios/Ruko, 0 Lainnya",0,0,0,85000000
202506,2,6,"KOTA ADM. JAKARTA BARAT",CENGKARENG,KAPUK,"Jl. Peternakan dalam No.3 RT 002 RW 005",-6.140074245622088," 106.7627102222777","Korsleting Listrik","0 Rumah Tinggal, 0 Semi Permanen, 1 Gedung, 0 Gudang, 0 Kios/Ruko, 0 Lainnya",0,0,0,1000000000
202506,2,6,"KOTA ADM. JAKARTA BARAT",CENGKARENG,"CENGKARENG TIMUR","Jln. Baru perumnas RT 06/RW 14",-6.143603719603993," 106.73790784880939","Korsleting Listrik","0 Rumah Tinggal, 0 Semi Permanen, 0 Gedung, 0 Gudang, 2 Kios/Ruko, 0 Lainnya",0,0,0,2000000
202506,2,6,"KOTA ADM. JAKARTA BARAT",KEMBANGAN,"KEMBANGAN SELATAN","Jl. Kembang kerep RT 3 RW 02 ",-6.192949721871467," 106.74260377667031","Korsleting Listrik","1 Rumah Tinggal, 0 Semi Permanen, 0 Gedung, 0 Gudang, 0 Kios/Ruko, 0 Lainnya",0,0,0,20000000
202506,2,6,"KOTA ADM. JAKARTA BARAT",KALIDERES,PEGADUNGAN,"Ruko Aeroprime Blok F5-03, Jl. Raya Citra No.8",-6.123690815508265," 106.71316340175706",Gas,"0 Rumah Tinggal, 0 Semi Permanen, 0 Gedung, 0 Gudang, 1 Kios/Ruko, 0 Lainnya",0,0,0,5000000
202506,2,6,"KOTA ADM. JAKARTA BARAT","KEBON JERUK","KEDOYA UTARA"," Jl. Pesing Garden Gg. Peldu II B RT.03/08",-6.159220019556435," 106.76470107885628","Korsleting Listrik","0 Rumah Tinggal, 2 Semi Permanen, 0 Gedung, 0 Gudang, 0 Kios/Ruko, 0 Lainnya",0,0,0,100000000
202506,2,6,"KOTA ADM. JAKARTA BARAT",CENGKARENG,KAPUK,"Jl. Kapuk (Pasar Darurat), RT.05 RW.012",-6.136005251075828," 106.75109248854179","Korsleting Listrik","0 Rumah Tinggal, 0 Semi Permanen, 0 Gedung, 0 Gudang, 2 Kios/Ruko, 0 Lainnya",0,0,0,30000000
202506,2,6,"KOTA ADM. JAKARTA BARAT",TAMBORA,PEKOJAN,"Jl. Pejagalan I, RT. 07/RW. 05",-6.136919721933515," 106.80473317416359","Percikan Api dari Gerinda","0 Rumah Tinggal, 0 Semi Permanen, 0 Gedung, 0 Gudang, 1 Kios/Ruko, 0 Lainnya",0,0,0,3000000
202506,2,6,"KOTA ADM. JAKARTA BARAT","TAMAN SARI",KRUKUT,"Jl. Keutamaan Dalam, RT. 01 RW 03",-6.154011086688709," 106.81330126503853","Korsleting Listrik pada mesin di pabrik lilin","28 Rumah Tinggal, 0 Semi Permanen, 1 Gedung, 0 Gudang, 0 Kios/Ruko, 0 Lainnya",0,3,104,5700000000
202506,2,6,"KOTA ADM. JAKARTA BARAT",KEMBANGAN,"MERUYA UTARA","Jl. Gang H Daus RT 02/01",-6.196538437414023," 106.7303156378171","Pembakaran Sampah","0 Rumah Tinggal, 1 Semi Permanen, 0 Gedung, 0 Gudang, 0 Kios/Ruko, 0 Lainnya",0,0,0,1000000
202506,2,6,"KOTA ADM. JAKARTA BARAT",TAMBORA,ANGKE,"Jl.Jembatan Dua Barat  RT 006 RW 010",-6.14062491722038," 106.79315174232887","Korsleting Listrik","3 Rumah Tinggal, 0 Semi Permanen, 0 Gedung, 0 Gudang, 1 Kios/Ruko, 0 Lainnya",0,0,0,70000000
202506,2,6,"KOTA ADM. JAKARTA BARAT","GROGOL PETAMBURAN","TANJUNG DUREN UTARA","Jl. Alpukat V No.52 RT 004 RW 002",-6.171724578559024," 106.78658814908188","Korsleting Listrik","6 Rumah Tinggal, 0 Semi Permanen, 0 Gedung, 0 Gudang, 0 Kios/Ruko, 0 Lainnya",0,0,20,78736000
202506,2,6,"KOTA ADM. JAKARTA BARAT","TAMAN SARI",PINANGSIA,"Jl. Lada Dalam No.1 RT 005 RW 006",-6.135988048837049," 106.81500790484885","Korsleting Listrik","2 Rumah Tinggal, 0 Semi Permanen, 0 Gedung, 1 Gudang, 0 Kios/Ruko, 0 Lainnya",0,0,0,20000000
202506,2,6,"KOTA ADM. JAKARTA BARAT",KALIDERES,PEGADUNGAN,"Jl. Taman Surya 5 Blok KK1 , RT.1/RW.19",-6.138727180243044," 106.71505840953584","Korsleting Listrik","1 Rumah Tinggal, 0 Semi Permanen, 0 Gedung, 0 Gudang, 0 Kios/Ruko, 0 Lainnya",0,0,0,150000000
202506,2,6,"KOTA ADM. JAKARTA PUSAT",SENEN,KWITANG,"Jl. Kramat Kwitang No.21",-6.183980068876041," 106.83986686168727","Korsleting Listrik","0 Rumah Tinggal, 0 Semi Permanen, 1 Gedung, 0 Gudang, 0 Kios/Ruko, 0 Lainnya",0,0,0,373880000
202506,2,6,"KOTA ADM. JAKARTA PUSAT","JOHAR BARU",GALUR,"Jl. Letjend Suprapto No.152 RT 001/005",-6.172446127994999," 106.8610897941935","Korsleting Listrik","0 Rumah Tinggal, 0 Semi Permanen, 0 Gedung, 0 Gudang, 1 Kios/Ruko, 0 Lainnya",0,0,0,100000000
202506,2,6,"KOTA ADM. JAKARTA PUSAT","JOHAR BARU","KAMPUNG RAWA","Jl. Kampung Rawa RT 001 RW 006",-6.180305455636043," 106.8538039687872","Tersambar Petir","1 Rumah Tinggal, 0 Semi Permanen, 0 Gedung, 0 Gudang, 0 Kios/Ruko, 0 Lainnya",0,0,0,50000000
202506,2,6,"KOTA ADM. JAKARTA PUSAT",KEMAYORAN,"GUNUNG SAHARI SELATAN","Jl. Kran Raya No. 20, RT. 008 RW. 009",-6.159426396173243," 106.84661009649996","Korsleting Listrik","1 Rumah Tinggal, 0 Semi Permanen, 0 Gedung, 0 Gudang, 0 Kios/Ruko, 0 Lainnya",0,0,0,5000000
202506,2,6,"KOTA ADM. JAKARTA PUSAT",GAMBIR,GAMBIR,"Jl. Kebon Sirih RT 011 RW 002",-6.18326101144972," 106.82531707866181","Korsleting Listrik","0 Rumah Tinggal, 0 Semi Permanen, 1 Gedung, 0 Gudang, 0 Kios/Ruko, 0 Lainnya",0,0,0,16000000
202506,2,6,"KOTA ADM. JAKARTA PUSAT",KEMAYORAN,"KEBON KOSONG","Jl. Ketapang Baru 2, RT 009 RW 003",-6.162770218648336," 106.85087958746652",Gas,"1 Rumah Tinggal, 0 Semi Permanen, 0 Gedung, 0 Gudang, 0 Kios/Ruko, 0 Lainnya",0,0,0,5000000
202506,2,6,"KOTA ADM. JAKARTA PUSAT",SENEN,KWITANG,"Jln. Kembang RT 06 dan 07/ RW 02",-6.184339133552564," 106.83863931336704","Korsleting Listrik","20 Rumah Tinggal, 0 Semi Permanen, 0 Gedung, 0 Gudang, 0 Kios/Ruko, 0 Lainnya",0,4,180,2020000000
202506,2,6,"KOTA ADM. JAKARTA PUSAT",GAMBIR,"KEBON KELAPA","Jln. Pecenongan No.72, RT.2 RW.4",-6.164012663879288," 106.82810553558198","Korsleting Listrik","0 Rumah Tinggal, 0 Semi Permanen, 1 Gedung, 0 Gudang, 0 Kios/Ruko, 0 Lainnya",0,0,0,50000000
202506,2,6,"KOTA ADM. JAKARTA PUSAT",KEMAYORAN,"GUNUNG SAHARI SELATAN","Jl. Angkasa Dalam II No.24 A RT. 004 RW. 003",-6.15838932011904," 106.84207008038416","Korsleting Listrik","1 Rumah Tinggal, 0 Semi Permanen, 0 Gedung, 0 Gudang, 0 Kios/Ruko, 0 Lainnya",0,0,0,150000000
202506,2,6,"KOTA ADM. JAKARTA PUSAT",KEMAYORAN,"HARAPAN MULIA","Jl. Sakamulia RT 005 RW 006 No.60",-6.169733375071692," 106.85537097252242","Korsleting Listrik","1 Rumah Tinggal, 0 Semi Permanen, 0 Gedung, 0 Gudang, 0 Kios/Ruko, 0 Lainnya",0,0,0,20000000
202506,2,6,"KOTA ADM. JAKARTA SELATAN",SETIABUDI,"MENTENG ATAS","Jl. Batu Raya No. 17 RT 003/07",-6.211967434658495," 106.84280176424775",Gas,"1 Rumah Tinggal, 0 Semi Permanen, 0 Gedung, 0 Gudang, 1 Kios/Ruko, 0 Lainnya",0,0,0,300000000
202506,2,6,"KOTA ADM. JAKARTA SELATAN",CILANDAK,"CILANDAK BARAT","Jl. Tridharma Utama IV No.31 4, RT.4/RW.12",-6.301684676942536," 106.80584314157566","Puntung Rokok","1 Rumah Tinggal, 0 Semi Permanen, 0 Gedung, 0 Gudang, 0 Kios/Ruko, 0 Lainnya",0,0,0,1000000
202506,2,6,"KOTA ADM. JAKARTA SELATAN","PASAR MINGGU","PEJATEN BARAT","Jl. Siaga Swadaya RT.06/RW.04 Kel. Pejaten Barat",-6.270664580693292," 106.8357323667457","Korek api","0 Rumah Tinggal, 5 Semi Permanen, 0 Gedung, 0 Gudang, 0 Kios/Ruko, 0 Lainnya",0,1,18,210900000
202506,2,6,"KOTA ADM. JAKARTA SELATAN","KEBAYORAN BARU",MELAWAI,"Jl. Melawai X No.14 RT 002 RW 006",-6.246751220711687," 106.79964988953665","Kompor Deep Fryer","0 Rumah Tinggal, 0 Semi Permanen, 0 Gedung, 0 Gudang, 1 Kios/Ruko, 0 Lainnya",0,0,0,1500000
202506,2,6,"KOTA ADM. JAKARTA SELATAN",TEBET,"KEBON BARU","Jl. J RT 006 RW 010",-6.231202259088457," 106.864763552771",Lilin,"7 Rumah Tinggal, 0 Semi Permanen, 0 Gedung, 0 Gudang, 0 Kios/Ruko, 0 Lainnya",1,0,17,281200000
202506,2,6,"KOTA ADM. JAKARTA SELATAN",PESANGGRAHAN,ULUJAMI,"Gg. Rajai RT 013 RW 04",-6.24159431248302," 106.76317797778387","Korsleting Listrik","1 Rumah Tinggal, 0 Semi Permanen, 0 Gedung, 0 Gudang, 0 Kios/Ruko, 0 Lainnya",0,0,0,10000000
202506,2,6,"KOTA ADM. JAKARTA SELATAN","KEBAYORAN BARU","CIPETE UTARA","Jl. Haji Naim 1, No. 10, Rt. 05/Rw. 11 ",-6.263207438889194," 106.80596117419866","Korsleting Listrik","1 Rumah Tinggal, 0 Semi Permanen, 0 Gedung, 0 Gudang, 0 Kios/Ruko, 0 Lainnya",0,0,0,5000000000
202506,2,6,"KOTA ADM. JAKARTA SELATAN","MAMPANG PRAPATAN","PELA MAMPANG","Jl. Bangka VIII C, RT 05. RW.03",-6.250869762699907," 106.81887875151237","Korsleting Listrik","1 Rumah Tinggal, 0 Semi Permanen, 0 Gedung, 0 Gudang, 0 Kios/Ruko, 0 Lainnya",0,0,0,40440000
202506,2,6,"KOTA ADM. JAKARTA SELATAN",JAGAKARSA,"LENTENG AGUNG","Jl. Harapan No 51 RT 01 RW 08, Kel. Lenteng Agung, Kec. Jagakarsa ",-6.326481355245164," 106.83977914932905","Puntung Rokok","0 Rumah Tinggal, 1 Semi Permanen, 0 Gedung, 0 Gudang, 0 Kios/Ruko, 0 Lainnya",0,0,0,1500000
202506,2,6,"KOTA ADM. JAKARTA SELATAN","KEBAYORAN LAMA","KEBAYORAN LAMA SELATAN","Jln. Bungur I 5, RT.4/RW.1",-6.251006752628472," 106.78567846033684","Korsleting Listrik","1 Rumah Tinggal, 0 Semi Permanen, 0 Gedung, 0 Gudang, 0 Kios/Ruko, 0 Lainnya",0,0,0,12000000
202506,2,6,"KOTA ADM. JAKARTA SELATAN",PESANGGRAHAN,"PETUKANGAN SELATAN","Jl. Kemajuan KKN, Rt. 04/Rw. 07",-6.240883659262193," 106.75438014389378","Korsleting Listrik","0 Rumah Tinggal, 7 Semi Permanen, 0 Gedung, 0 Gudang, 0 Kios/Ruko, 0 Lainnya",0,0,0,100000000
202506,2,6,"KOTA ADM. JAKARTA SELATAN",JAGAKARSA,JAGAKARSA,"Jl. Jagakarsa Raya No.1B RT 008 RW 005",-6.32759450360089," 106.82410823558044","Kebocoran Gas","1 Rumah Tinggal, 0 Semi Permanen, 0 Gedung, 0 Gudang, 0 Kios/Ruko, 0 Lainnya",0,1,0,8000000
202506,2,6,"KOTA ADM. JAKARTA SELATAN",SETIABUDI,"MENTENG ATAS","Jln. Subur Dalam No.4, RT.4/RW.8",-6.21930062457892," 106.84339542580793","Korsleting Listrik","0 Rumah Tinggal, 0 Semi Permanen, 0 Gedung, 0 Gudang, 1 Kios/Ruko, 0 Lainnya",0,0,0,235000000
202506,2,6,"KOTA ADM. JAKARTA SELATAN",PESANGGRAHAN,ULUJAMI,"Jl. Perdatam I No.15 RT 008 RW 005",-6.239606616667863," 106.76349726441802","Korsleting Listrik","1 Rumah Tinggal, 0 Semi Permanen, 0 Gedung, 0 Gudang, 0 Kios/Ruko, 0 Lainnya",0,0,0,30000000
202506,2,6,"KOTA ADM. JAKARTA SELATAN","KEBAYORAN LAMA","PONDOK PINANG","Jl. Ciputat Raya No.40, RT.1/RW.9",-6.28564302170735," 106.77051373558065","Korsleting Listrik","3 Rumah Tinggal, 0 Semi Permanen, 0 Gedung, 0 Gudang, 0 Kios/Ruko, 0 Lainnya",0,0,0,1556940000
202506,2,6,"KOTA ADM. JAKARTA SELATAN",CILANDAK,"CILANDAK BARAT","Jl. Cilandak Dalam Gg Sawo, RT.4/RW.13",-6.285906079088752," 106.8056142050011",Gas,"4 Rumah Tinggal, 0 Semi Permanen, 0 Gedung, 0 Gudang, 0 Kios/Ruko, 0 Lainnya",0,1,0,150000000
202506,2,6,"KOTA ADM. JAKARTA SELATAN",PESANGGRAHAN,"PETUKANGAN UTARA","Jl. Muchtar Raya RT.011/RW.011",-6.232785299212248," 106.74477324232716","Rumah di Bakar","1 Rumah Tinggal, 0 Semi Permanen, 0 Gedung, 0 Gudang, 0 Kios/Ruko, 0 Lainnya",0,0,0,250000000
202506,2,6,"KOTA ADM. JAKARTA TIMUR","PASAR REBO",GEDONG,"Jl. Raya Condet Gg Remaja 1 No.1A RT 08 RW 012",-6.295685092402393," 106.8588348490728","Korsleting Listrik","1 Rumah Tinggal, 2 Semi Permanen, 0 Gedung, 0 Gudang, 0 Kios/Ruko, 0 Lainnya",0,0,0,300000000
202506,2,6,"KOTA ADM. JAKARTA TIMUR","DUREN SAWIT","DUREN SAWIT","Jl. Komp Kavling Agraria No 104 RT 02 RW 16 ",-6.229810450594786," 106.91794029609781",Gas,"1 Rumah Tinggal, 0 Semi Permanen, 0 Gedung, 0 Gudang, 0 Kios/Ruko, 0 Lainnya",0,0,0,2000000
202506,2,6,"KOTA ADM. JAKARTA TIMUR",KRAMATJATI,DUKUH,"Jl. Dukuh V RT 009 RW 005",-6.292341850885662," 106.87892195291643","Korsleting Listrik","1 Rumah Tinggal, 0 Semi Permanen, 0 Gedung, 0 Gudang, 3 Kios/Ruko, 0 Lainnya",0,0,0,1000000000
202506,2,6,"KOTA ADM. JAKARTA TIMUR",KRAMATJATI,"BATU AMPAR","Jl. H. Raijin Gg. H. Gedu, RT. 04 RW. 02",-6.274090940824582," 106.8653420134934","Korsleting Listrik","1 Rumah Tinggal, 0 Semi Permanen, 0 Gedung, 0 Gudang, 0 Kios/Ruko, 0 Lainnya",0,1,0,10000000
202506,2,6,"KOTA ADM. JAKARTA TIMUR",CIRACAS,"KELAPA DUA WETAN","Komplek Hankam Jl.Kecapi  ",-6.347691416360832," 106.88134210992511","Korsleting Listrik","1 Rumah Tinggal, 0 Semi Permanen, 0 Gedung, 0 Gudang, 0 Kios/Ruko, 0 Lainnya",1,0,0,500000000
202506,2,6,"KOTA ADM. JAKARTA TIMUR",CIRACAS,CIRACAS,"Jl. Raya Poncol Gg. Cawang No.21, RT.9/RW.9",-6.3247579470116255," 106.869229635582","Percikan Pengelasan","0 Rumah Tinggal, 0 Semi Permanen, 1 Gedung, 0 Gudang, 0 Kios/Ruko, 0 Lainnya",0,0,0,4000000000
202506,2,6,"KOTA ADM. JAKARTA TIMUR","DUREN SAWIT","PONDOK KOPI","Jl. Rawadas 5 Rt 010 Rw 003",-6.2249581690321625," 106.94720827277379","Korsleting Listrik","1 Rumah Tinggal, 0 Semi Permanen, 0 Gedung, 0 Gudang, 0 Kios/Ruko, 0 Lainnya",0,0,0,10000000
202506,2,6,"KOTA ADM. JAKARTA TIMUR",PULOGADUNG,"KAYU PUTIH","Jl. Drompol No 43 Rt 009 & 010 /17",-6.185602841173636," 106.8845127618502",Gas,"1 Rumah Tinggal, 0 Semi Permanen, 0 Gedung, 0 Gudang, 8 Kios/Ruko, 0 Lainnya",0,1,0,500000000
202506,2,6,"KOTA ADM. JAKARTA TIMUR",KRAMATJATI,"BATU AMPAR","Jl. Batu Ampar 3",-6.279247947471544," 106.86086749907383","Korsleting Listrik","0 Rumah Tinggal, 0 Semi Permanen, 0 Gedung, 0 Gudang, 1 Kios/Ruko, 0 Lainnya",0,0,0,0
202506,2,6,"KOTA ADM. JAKARTA TIMUR",JATINEGARA,"CIPINANG MUARA","Jln. BB No.3 RT 14/RW 04",-6.220652683548988," 106.88909210918494","Korsleting Listrik","0 Rumah Tinggal, 0 Semi Permanen, 0 Gedung, 0 Gudang, 1 Kios/Ruko, 0 Lainnya",0,0,0,2000000
202506,2,6,"KOTA ADM. JAKARTA TIMUR",CIRACAS,SUSUKAN,"Jl. Raya Tanah Merdeka RT 001 RW 005",-6.308452341942643," 106.87366417820161",Gas,"4 Rumah Tinggal, 0 Semi Permanen, 0 Gedung, 0 Gudang, 0 Kios/Ruko, 0 Lainnya",0,1,0,100000000
202506,2,6,"KOTA ADM. JAKARTA TIMUR",CIPAYUNG,"LUBANG BUAYA","Jl. Yusufiyah RT 011 RW 001",-6.287915748967515," 106.89934863034777","Korsleting Listrik","1 Rumah Tinggal, 0 Semi Permanen, 0 Gedung, 0 Gudang, 0 Kios/Ruko, 0 Lainnya",0,0,0,200000000
202506,2,6,"KOTA ADM. JAKARTA UTARA",PENJARINGAN,"KAMAL MUARA","Komplek Pergudangan Jl. Elang Laut RW 003",-6.126232549703026," 106.74531261033339","Korsleting Listrik","0 Rumah Tinggal, 0 Semi Permanen, 0 Gedung, 1 Gudang, 0 Kios/Ruko, 0 Lainnya",0,0,0,5000000000
202506,2,6,"KOTA ADM. JAKARTA UTARA",CILINCING,CILINCING,"Jl. Reformasi RT 07 RW 08. kolong Jembatan Rusun Pelindo",-6.110261216437513," 106.93985774617053","Korsleting Listrik","3 Rumah Tinggal, 0 Semi Permanen, 0 Gedung, 0 Gudang, 0 Kios/Ruko, 0 Lainnya",0,0,0,50000000
202506,2,6,"KOTA ADM. JAKARTA UTARA",CILINCING,"SEMPER BARAT","Jln. Sungai Barito RT 010/01",-6.126008826690999," 106.92020068580109","Korsleting Listrik","1 Rumah Tinggal, 0 Semi Permanen, 0 Gedung, 0 Gudang, 0 Kios/Ruko, 0 Lainnya",0,0,0,5000000
202506,2,6,"KOTA ADM. JAKARTA UTARA",PENJARINGAN,"KAPUK MUARA","Jl. Gg. Damai No.05 RT.17 RW.04",-6.17269289823184," 106.85941137418742","Korsleting Listrik dan ledakan kompor Gas","0 Rumah Tinggal, 500 Semi Permanen, 0 Gedung, 1 Gudang, 3 Kios/Ruko, 0 Lainnya",0,0,2362,8000000000
202506,2,6,"KOTA ADM. JAKARTA UTARA",KOJA,"TUGU SELATAN","Jl. Raya Perjuangan, Rt. 020/Rw. 07",-6.136463285765049," 106.90738267598248","Kebocoran Gas","1 Rumah Tinggal, 0 Semi Permanen, 0 Gedung, 0 Gudang, 0 Kios/Ruko, 0 Lainnya",0,2,0,150000000
202506,2,6,"KOTA ADM. JAKARTA UTARA",CILINCING,"SEMPER BARAT","jl.  Gang 3 Blok takR, Rt 16 RW 12","lan Gang 3 Blok takR"," Kecamatan Clincing","Korsleting Listrik","1 Rumah Tinggal, 0 Semi Permanen, 0 Gedung, 0 Gudang, 0 Kios/Ruko, 0 Lainnya",0,0,0,50000000
202506,2,6,"KOTA ADM. JAKARTA UTARA",CILINCING,CILINCING,"Jl. Cilincing Lama No.035, RT.5/RW.4",-6.100138874489617," 106.93799447976224","Korsleting Listrik","0 Rumah Tinggal, 0 Semi Permanen, 0 Gedung, 0 Gudang, 0 Kios/Ruko, 0 Lainnya",0,0,0,500000000
202506,2,6,"KOTA ADM. JAKARTA UTARA",PENJARINGAN,PEJAGALAN,"Jl. Pluit Karang Karya Blok A No. 1 RT 016 RW 007",-6.12789320819985," 106.78689559758458","Kompor Gas","1 Rumah Tinggal, 0 Semi Permanen, 0 Gedung, 0 Gudang, 0 Kios/Ruko, 0 Lainnya",0,0,0,200000000
202509,3,7,"KOTA ADM. JAKARTA BARAT",KALIDERES,PEGADUNGAN,"Jl.Tanjung Pura 1 No.3, RT 09 Rw. 05",-6.125454913269129," 106.698318264418",Gas,"1 Rumah Tinggal, 0 Semi Permanen, 0 Gedung, 0 Gudang, 0 Kios/Ruko, 0 Lainnya",0,5,0,1350000000
202509,3,7,"KOTA ADM. JAKARTA BARAT",KEMBANGAN,"MERUYA UTARA","Jl. Pesanggrahan No.33, RT. 010/RW. 05",-6.189491600513742," 106.75560267890324","Kebocoran pada selang gas","0 Rumah Tinggal, 0 Semi Permanen, 0 Gedung, 0 Gudang, 1 Kios/Ruko, 0 Lainnya",0,0,0,10000000
202509,3,7,"KOTA ADM. JAKARTA BARAT",KALIDERES,"TEGAL ALUR","Jln. Kamal Raya RT 006 RW 002",-6.116674810893413," 106.71983737252998","Korsleting Listrik","0 Rumah Tinggal, 0 Semi Permanen, 1 Gedung, 0 Gudang, 0 Kios/Ruko, 0 Lainnya",0,0,0,3000000
202509,3,7,"KOTA ADM. JAKARTA BARAT",TAMBORA,"JEMBATAN LIMA","Jln. Pangeran Tubagus Angke No.93, RT 011/04",-6.143230097340734," 106.78786967280382","Korsleting Listrik","0 Rumah Tinggal, 0 Semi Permanen, 0 Gedung, 0 Gudang, 1 Kios/Ruko, 0 Lainnya",0,1,0,70000000
202509,3,7,"KOTA ADM. JAKARTA BARAT",CENGKARENG,"CENGKARENG BARAT","Jl. Cemara Raya, RT. 09 RW. 02",-6.149256335920411," 106.72137220052657","Korsleting Listrik","0 Rumah Tinggal, 0 Semi Permanen, 0 Gedung, 0 Gudang, 1 Kios/Ruko, 0 Lainnya",0,0,0,1000000000
202509,3,7,"KOTA ADM. JAKARTA BARAT",KEMBANGAN,"MERUYA UTARA","Jl. Pesanggrahan RT 09 RW. 05",-6.12201639677554," 106.72388933034937","Korsleting Listrik","0 Rumah Tinggal, 0 Semi Permanen, 0 Gedung, 0 Gudang, 1 Kios/Ruko, 0 Lainnya",0,0,0,20000000
202509,3,7,"KOTA ADM. JAKARTA BARAT",TAMBORA,PEKOJAN," Jl. Gedong Panjang I Gang Riberia Dalam II, RT. 08/RW. 010",-6.1334239883108275," 106.80484031747976","Korsleting Listrik","1 Rumah Tinggal, 0 Semi Permanen, 0 Gedung, 0 Gudang, 0 Kios/Ruko, 0 Lainnya",0,0,8,53100000
202509,3,7,"KOTA ADM. JAKARTA BARAT",KEMBANGAN,"MERUYA UTARA","- Jl. Penyelesaian Tomang III Jl. Kav. DKI No.14 Blok 123, RT.2/RW.2",-6.205478416746988," 106.731654079761","Korsleting Listrik","0 Rumah Tinggal, 0 Semi Permanen, 0 Gedung, 0 Gudang, 1 Kios/Ruko, 0 Lainnya",0,0,0,500000
202509,3,7,"KOTA ADM. JAKARTA BARAT","KEBON JERUK","SUKABUMI UTARA","Jl. Adam Gg. Masjid Nurul Lathif RT.3 RW.2",-6.2090669314388265," 106.78153450244785","Korsleting Listrik","2 Rumah Tinggal, 0 Semi Permanen, 0 Gedung, 0 Gudang, 0 Kios/Ruko, 0 Lainnya",0,0,0,35000000
202509,3,7,"KOTA ADM. JAKARTA BARAT",KALIDERES,PEGADUNGAN,"Jln. Peta Barat, Gg. Langgar, No 18 RT 02 RW 07",-6.135704031450022," 106.691659887895","Kompor Gas","0 Rumah Tinggal, 0 Semi Permanen, 0 Gedung, 0 Gudang, 1 Kios/Ruko, 0 Lainnya",0,0,0,30000000
202509,3,7,"KOTA ADM. JAKARTA BARAT",KALIDERES,SEMANAN,"Jl. Semanan Raya No.2 RT004 RW00",-6.164142988817469," 106.7255770066736","Korsleting Listrik","0 Rumah Tinggal, 0 Semi Permanen, 0 Gedung, 0 Gudang, 1 Kios/Ruko, 0 Lainnya",0,0,0,500000000
202509,3,7,"KOTA ADM. JAKARTA BARAT",TAMBORA,"DURI UTARA","Jl. Duri Utara l, RT 005, 011, 012, 013, 014/RW 02",-6.154370860998354," 106.80519966441655",Gas,"86 Rumah Tinggal, 0 Semi Permanen, 0 Gedung, 0 Gudang, 0 Kios/Ruko, 0 Lainnya",0,15,400,151650000000
202509,3,7,"KOTA ADM. JAKARTA BARAT",TAMBORA,"TANAH SEREAL","Jln. Tanah Sereal IV B, Blok E No. 16, RT.005 RW.013",-6.1591348394928," 106.81110469113963","Korsleting Listrik","1 Rumah Tinggal, 0 Semi Permanen, 0 Gedung, 0 Gudang, 0 Kios/Ruko, 0 Lainnya",0,0,0,0
202509,3,7,"KOTA ADM. JAKARTA BARAT",TAMBORA,PEKOJAN,"Jln. Pengukiran IV II RT.4 RW.2",-6.139627710844023," 106.80713096459348","Korsleting Listrik","1 Rumah Tinggal, 0 Semi Permanen, 0 Gedung, 0 Gudang, 0 Kios/Ruko, 0 Lainnya",0,0,0,5000000
202509,3,7,"KOTA ADM. JAKARTA BARAT",KALIDERES,SEMANAN,"Jl. Kramat RT 006 RW 002",-6.160621196260375," 106.70489941475736","Api korek menyambar bensin","0 Rumah Tinggal, 0 Semi Permanen, 0 Gedung, 0 Gudang, 1 Kios/Ruko, 0 Lainnya",0,0,0,0
202509,3,7,"KOTA ADM. JAKARTA BARAT",CENGKARENG,KAPUK,"Jl. Kapuk Poglar, RT. 02 RW. 01",-6.146216384870881," 106.77390840953609","Korsleting Listrik","0 Rumah Tinggal, 0 Semi Permanen, 0 Gedung, 1 Gudang, 1 Kios/Ruko, 0 Lainnya",0,0,0,0
202509,3,7,"KOTA ADM. JAKARTA BARAT",CENGKARENG,KAPUK,"Jl. Kapuk Raya GG Pelita Abadi 1 RT 009 RW 003",-6.133883925521869," 106.74862169392341","Korsleting Listrik","3 Rumah Tinggal, 0 Semi Permanen, 0 Gedung, 0 Gudang, 0 Kios/Ruko, 0 Lainnya",0,0,0,0
202509,3,7,"KOTA ADM. JAKARTA BARAT",TAMBORA,"ROA MALAKA"," Jl. Pasar. Pagi Raya No.112, RT. 01/RW. 04,",-6.138343935016437," 106.8084920981449","Korsleting Listrik","0 Rumah Tinggal, 0 Semi Permanen, 0 Gedung, 0 Gudang, 1 Kios/Ruko, 0 Lainnya",0,0,0,50000000
202509,3,7,"KOTA ADM. JAKARTA BARAT","KEBON JERUK","KEDOYA SELATAN","Jl. Kedoya Pesing RT.3 RW.3",-6.171120669717159," 106.75947952705516","Percikan Api Las","0 Rumah Tinggal, 0 Semi Permanen, 1 Gedung, 0 Gudang, 0 Kios/Ruko, 0 Lainnya",0,0,0,2000000
202509,3,7,"KOTA ADM. JAKARTA BARAT",KEMBANGAN,JOGLO,"Jl. Joglo Raya No.59 RT 001 RW 002",-6.21799607996867," 106.73099114907383","Korsleting Listrik","0 Rumah Tinggal, 0 Semi Permanen, 0 Gedung, 1 Gudang, 0 Kios/Ruko, 0 Lainnya",0,0,0,5000000
202509,3,7,"KOTA ADM. JAKARTA BARAT",KALIDERES,PEGADUNGAN,"JL. Kumbang Raya RT 013 RW 001 No. 38 A",-6.136448005723994," 106.69202292512675","Korsleting Listrik","1 Rumah Tinggal, 0 Semi Permanen, 0 Gedung, 0 Gudang, 0 Kios/Ruko, 0 Lainnya",0,0,0,30000000
202509,3,7,"KOTA ADM. JAKARTA BARAT","GROGOL PETAMBURAN","WIJAYA KUSUMA","Jl. Daan Mogot, RT 013 /RW 03",-6.160013797707019," 106.77394768951935","Korsleting Listrik","0 Rumah Tinggal, 0 Semi Permanen, 0 Gedung, 0 Gudang, 0 Kios/Ruko, 0 Lainnya",0,0,0,6000000
202509,3,7,"KOTA ADM. JAKARTA PUSAT","SAWAH BESAR",KARTINI," Jl. Kartini VIII Dalam RT. 09 RW. 04",-6.151646574859439," 106.83411020422928","Korsleting Listrik","1 Rumah Tinggal, 0 Semi Permanen, 0 Gedung, 0 Gudang, 0 Kios/Ruko, 0 Lainnya",0,1,0,100000000
202509,3,7,"KOTA ADM. JAKARTA PUSAT",KEMAYORAN,KEMAYORAN,"Jl. Bungur Besar Gang XVI Rt 03/01",-6.171376722928558," 106.84335740791127","Korsleting Listrik","0 Rumah Tinggal, 0 Semi Permanen, 0 Gedung, 1 Gudang, 0 Kios/Ruko, 0 Lainnya",0,0,0,10000000
202509,3,7,"KOTA ADM. JAKARTA PUSAT","SAWAH BESAR","KARANG ANYAR","Jl. A Karang Anyar RT.15 RW.06",-6.1544904542490135," 106.83121491957218","Korsleting Listrik","1 Rumah Tinggal, 0 Semi Permanen, 0 Gedung, 0 Gudang, 0 Kios/Ruko, 0 Lainnya",0,0,0,10000000
202509,3,7,"KOTA ADM. JAKARTA PUSAT",MENTENG,PEGANGSAAN," Jl. Matraman Dalam II RT. 10/RW. 08",-6.2032105816554814," 106.85361795092496","Korsleting Listrik","2 Rumah Tinggal, 0 Semi Permanen, 0 Gedung, 0 Gudang, 0 Kios/Ruko, 0 Lainnya",0,0,0,100000000
202509,3,7,"KOTA ADM. JAKARTA PUSAT","JOHAR BARU","JOHAR BARU","Jl. Percetakan Negara IV",-6.187735672435655," 106.86158990859786",Gas,"0 Rumah Tinggal, 0 Semi Permanen, 0 Gedung, 0 Gudang, 1 Kios/Ruko, 0 Lainnya",0,0,0,10000000
202509,3,7,"KOTA ADM. JAKARTA PUSAT",SENEN,KRAMAT,"Jl. Kembang Sepatu No.1, RT 01/RW 01",-6.181928609397406," 106.84782462752574","Korsleting Listrik","0 Rumah Tinggal, 0 Semi Permanen, 0 Gedung, 0 Gudang, 3 Kios/Ruko, 0 Lainnya",0,0,0,500000000
202509,3,7,"KOTA ADM. JAKARTA SELATAN","KEBAYORAN LAMA",CIPULIR,"Jl. Ciledug Raya RT 005 RW 006",-6.236327962447321," 106.75176497976219","Korsleting Listrik","0 Rumah Tinggal, 0 Semi Permanen, 1 Gedung, 0 Gudang, 0 Kios/Ruko, 0 Lainnya",0,0,0,50000000
202509,3,7,"KOTA ADM. JAKARTA SELATAN","KEBAYORAN LAMA","GROGOL UTARA","Jln. Masjid 4, RT.006/RW.07",-6.219347128712985," 106.79260345960357","Korsleting Listrik","1 Rumah Tinggal, 0 Semi Permanen, 0 Gedung, 0 Gudang, 0 Kios/Ruko, 0 Lainnya",0,0,0,539200000
202509,3,7,"KOTA ADM. JAKARTA SELATAN",JAGAKARSA,JAGAKARSA,"Jl. Durian RT. 008/ RW. 005 (titik kenal dekat Perumahan Plataran Kinandari)",-6.324294384401059," 106.81580979140045","Korsleting Listrik","0 Rumah Tinggal, 0 Semi Permanen, 1 Gedung, 0 Gudang, 0 Kios/Ruko, 0 Lainnya",0,0,0,500000000
202509,3,7,"KOTA ADM. JAKARTA SELATAN",TEBET,"BUKIT DURI","Jl. Kutilang No. 28-2, RT. 06/RW.02",-6.220982915168743," 106.85666960489166","Korsleting Listrik","3 Rumah Tinggal, 0 Semi Permanen, 0 Gedung, 0 Gudang, 0 Kios/Ruko, 0 Lainnya",4,4,27,5392000000
202509,3,7,"KOTA ADM. JAKARTA SELATAN",CILANDAK,"LEBAK BULUS","Jl. Lebak Bulus Raya RT 04/RW 04",-6.29546785364223," 106.77315328111554",Gas,"0 Rumah Tinggal, 0 Semi Permanen, 0 Gedung, 0 Gudang, 1 Kios/Ruko, 0 Lainnya",0,0,0,1000000
202509,3,7,"KOTA ADM. JAKARTA SELATAN",CILANDAK,"PONDOK LABU","Jl. Bango 1 RT.05 RW.03 No.7D",-6.295794517005104," 106.8022445492355","Korsleting Listrik","1 Rumah Tinggal, 0 Semi Permanen, 0 Gedung, 0 Gudang, 0 Kios/Ruko, 0 Lainnya",0,1,0,230000000
202509,3,7,"KOTA ADM. JAKARTA SELATAN","MAMPANG PRAPATAN",BANGKA,"Jln. Kemang Barat III No.16, RT 003/RW 004",-6.261453664833685," 106.82023807871126",Gas,"1 Rumah Tinggal, 0 Semi Permanen, 0 Gedung, 0 Gudang, 0 Kios/Ruko, 0 Lainnya",0,1,0,20000000
202509,3,7,"KOTA ADM. JAKARTA SELATAN",JAGAKARSA,"SRENGSENG SAWAH","Jln. H. Awi, RT 002/RW 008",-6.350121410846632," 106.83601519584856","Korsleting Listrik","1 Rumah Tinggal, 0 Semi Permanen, 0 Gedung, 0 Gudang, 0 Kios/Ruko, 0 Lainnya",0,0,0,100000000
202509,3,7,"KOTA ADM. JAKARTA SELATAN","KEBAYORAN BARU","KRAMAT PELA","Pasar Taman Puring ; Jl. Kyai Maja 48 RT 003 RW 008",-6.24081865575788," 106.78981551359115","Korsleting Listrik","0 Rumah Tinggal, 0 Semi Permanen, 0 Gedung, 0 Gudang, 552 Kios/Ruko, 0 Lainnya",0,0,0,30000000000
202509,3,7,"KOTA ADM. JAKARTA SELATAN",SETIABUDI,"MENTENG ATAS","Jl. Makmur No.30, RT. 006/RW.008",-6.2156483094441795," 106.84221621087752","Korsleting Listrik","13 Rumah Tinggal, 0 Semi Permanen, 0 Gedung, 0 Gudang, 0 Kios/Ruko, 0 Lainnya",0,1,0,236208000
202509,3,7,"KOTA ADM. JAKARTA SELATAN","KEBAYORAN BARU",MELAWAI,"Jl. Wijaya XIII No.19, RT. 003 RW.003",-6.249932378502957," 106.8016562522356","Korsleting Listrik","1 Rumah Tinggal, 0 Semi Permanen, 0 Gedung, 0 Gudang, 0 Kios/Ruko, 0 Lainnya",0,0,0,25000000
202509,3,7,"KOTA ADM. JAKARTA SELATAN","KEBAYORAN LAMA","GROGOL UTARA","Jln. Juraganan 1 No 49 Rt 06/12 Titik Kenal SPBU Pertamina Permata Hjau",-6.221450255794867," 106.79054677605635","Korsleting Listrik","57 Rumah Tinggal, 0 Semi Permanen, 0 Gedung, 0 Gudang, 0 Kios/Ruko, 0 Lainnya",0,0,61,700000000
202509,3,7,"KOTA ADM. JAKARTA SELATAN",TEBET,"BUKIT DURI","Jl. Meliwis RT. 010 RW. 002 tebet",-6.219270986209598," 106.85624856626944","Korsleting Listrik","1 Rumah Tinggal, 0 Semi Permanen, 0 Gedung, 0 Gudang, 0 Kios/Ruko, 0 Lainnya",0,0,0,100000000
202509,3,7,"KOTA ADM. JAKARTA SELATAN",PESANGGRAHAN,"PETUKANGAN UTARA","Jl. Palem Raya Blok K8 No. 5 RT.03 RW.07 ",-6.224656575544914," 106.75797543558666",Gas,"0 Rumah Tinggal, 0 Semi Permanen, 0 Gedung, 0 Gudang, 1 Kios/Ruko, 0 Lainnya",0,0,0,50000000
202509,3,7,"KOTA ADM. JAKARTA SELATAN","PASAR MINGGU",KEBAGUSAN,"Jl. Kebagusan Besar No.3, RT. 07 Rw.07",-6.302848736481956," 106.8279403202383","Korsleting Listrik","1 Rumah Tinggal, 0 Semi Permanen, 0 Gedung, 0 Gudang, 0 Kios/Ruko, 0 Lainnya",0,0,0,50000000
202509,3,7,"KOTA ADM. JAKARTA SELATAN","KEBAYORAN BARU","GANDARIA UTARA","Jl. Karya utama, RT. 008 RW. 006",-6.257882213547138," 106.79242647145273",Gas,"1 Rumah Tinggal, 0 Semi Permanen, 0 Gedung, 0 Gudang, 0 Kios/Ruko, 0 Lainnya",0,0,0,15000000
202509,3,7,"KOTA ADM. JAKARTA SELATAN","KEBAYORAN BARU","RAWA BARAT","Jl. Suren 1 No.6 RT 002 RW 006",-6.233414663212921," 106.81388523936087","Korsleting Listrik","1 Rumah Tinggal, 0 Semi Permanen, 0 Gedung, 0 Gudang, 0 Kios/Ruko, 0 Lainnya",0,0,0,5000000
202509,3,7,"KOTA ADM. JAKARTA SELATAN","KEBAYORAN BARU",GUNUNG," Jl. Hang lekir  2 RT.11  RW.06",-6.230867049080907," 106.797056516809","Korsleting Listrik","0 Rumah Tinggal, 6 Semi Permanen, 0 Gedung, 0 Gudang, 0 Kios/Ruko, 0 Lainnya",0,0,0,80000000
202509,3,7,"KOTA ADM. JAKARTA SELATAN",JAGAKARSA,"LENTENG AGUNG","Jl.  Kancil I No.34, RT. 14/RW. 02",-6.316854130562028," 106.83946245092673","Korsleting Listrik","3 Rumah Tinggal, 1 Semi Permanen, 0 Gedung, 0 Gudang, 0 Kios/Ruko, 0 Lainnya",1,0,0,1000000000
202509,3,7,"KOTA ADM. JAKARTA TIMUR",MAKASAR,MAKASAR,"Jl. Kerja Bakti VII RT.3 RW.7",-6.275226364019109," 106.87890031110335","Kebocoran tabung gas","1 Rumah Tinggal, 3 Semi Permanen, 0 Gedung, 0 Gudang, 0 Kios/Ruko, 0 Lainnya",1,0,14,500000000
202509,3,7,"KOTA ADM. JAKARTA TIMUR","DUREN SAWIT","MALAKA SARI","Rusun Klender Jln. Delima 1 RT.010/RW.01",-6.217248909063827," 106.92745082570066",Gas,"1 Rumah Tinggal, 0 Semi Permanen, 0 Gedung, 0 Gudang, 0 Kios/Ruko, 0 Lainnya",1,0,42,500000000
202509,3,7,"KOTA ADM. JAKARTA TIMUR","PASAR REBO",CIJANTUNG,"Jl. Bengrah Pule 2 No. 91 RT005 RW010 Kel. Cijantung Kec. Pasar Rebo",-6.321690077727239," 106.86195542128404",Gas,"1 Rumah Tinggal, 0 Semi Permanen, 0 Gedung, 0 Gudang, 0 Kios/Ruko, 0 Lainnya",0,2,0,200000000
202509,3,7,"KOTA ADM. JAKARTA TIMUR","PASAR REBO",PEKAYON,"Jl. Saorma RT.012/RW.001",-6.338972698315379," 106.85837111284836","Korsleting Listrik","1 Rumah Tinggal, 0 Semi Permanen, 0 Gedung, 0 Gudang, 0 Kios/Ruko, 0 Lainnya",0,0,0,400000000
202509,3,7,"KOTA ADM. JAKARTA TIMUR",PULOGADUNG,"KAYU PUTIH","Jl. Pulomas Utara RT 6 RW 14",-6.171740100345707," 106.88283219325251","Korsleting Listrik","1 Rumah Tinggal, 0 Semi Permanen, 0 Gedung, 0 Gudang, 0 Kios/Ruko, 0 Lainnya",0,0,0,2000000
202509,3,7,"KOTA ADM. JAKARTA TIMUR",KRAMATJATI,CILILITAN,"Jl. Mayjen Sutoyo No.76, RT.02 RW.14",-6.261969716311897," 106.86567478078761","Korsleting Listrik","8 Rumah Tinggal, 0 Semi Permanen, 0 Gedung, 0 Gudang, 0 Kios/Ruko, 0 Lainnya",0,0,47,400000000
202509,3,7,"KOTA ADM. JAKARTA TIMUR",PULOGADUNG,"PISANGAN TIMUR","Jl. Cipinang Kebembem Rt 011 Rw 13",-6.2116314489448925," 106.88585160674592","Korsleting Listrik","1 Rumah Tinggal, 0 Semi Permanen, 0 Gedung, 0 Gudang, 0 Kios/Ruko, 0 Lainnya",0,0,0,2000000
202509,3,7,"KOTA ADM. JAKARTA TIMUR",JATINEGARA,"KAMPUNG MELAYU","Jl. Jatinegara Barat No.126 (RS Hermina Jatinegara)",-6.219746095518682," 106.86500673555813","Korsleting Listrik","0 Rumah Tinggal, 0 Semi Permanen, 1 Gedung, 0 Gudang, 0 Kios/Ruko, 0 Lainnya",0,0,0,300000000
202509,3,7,"KOTA ADM. JAKARTA TIMUR",PULOGADUNG,"KAYU PUTIH","Jln. Perintis Kemerdekaan No.1 RT.1/RW.15",-6.177242895146335," 106.8955211910404","Korsleting Listrik","0 Rumah Tinggal, 0 Semi Permanen, 0 Gedung, 1 Gudang, 0 Kios/Ruko, 0 Lainnya",0,0,0,1000000
202509,3,7,"KOTA ADM. JAKARTA TIMUR",CAKUNG,"PULO GEBANG","Jl. Sawo kecik No.330 RT. 005/RW. 008 ",-6.207497944466421," 106.94497721752771","Korek Api","0 Rumah Tinggal, 0 Semi Permanen, 0 Gedung, 0 Gudang, 0 Kios/Ruko, 0 Lainnya",0,0,0,3000000
202509,3,7,"KOTA ADM. JAKARTA TIMUR","DUREN SAWIT",KLENDER,"Jln. Pacul Emas RT 006 RW 004",-6.22048061747011," 106.89901814110739","Korsleting Listrik","4 Rumah Tinggal, 0 Semi Permanen, 0 Gedung, 0 Gudang, 0 Kios/Ruko, 0 Lainnya",0,0,0,525000000
202509,3,7,"KOTA ADM. JAKARTA TIMUR","DUREN SAWIT","PONDOK KELAPA","Jl. Pondok Kelapa Selatan 7 B, RT. 07/RW. 05",-6.252300702112322," 106.93766112208849","Korsleting Listrik","1 Rumah Tinggal, 0 Semi Permanen, 0 Gedung, 0 Gudang, 0 Kios/Ruko, 0 Lainnya",0,0,0,200000000
202509,3,7,"KOTA ADM. JAKARTA TIMUR",CAKUNG,"PULO GEBANG"," Jl. Rawa Kuning Gg.Galur RT.007 RW.007",-6.201336181731537," 106.96058073212427",Kompor,"6 Rumah Tinggal, 0 Semi Permanen, 0 Gedung, 0 Gudang, 0 Kios/Ruko, 0 Lainnya",0,0,0,600000000
202509,3,7,"KOTA ADM. JAKARTA TIMUR",CAKUNG,"UJUNG MENTENG","Jln Satria Raya No.135 RT 01 RW 03",-6.185941411769802," 106.96796280820992",Gas,"0 Rumah Tinggal, 0 Semi Permanen, 0 Gedung, 0 Gudang, 1 Kios/Ruko, 0 Lainnya",0,0,0,50000000
202509,3,7,"KOTA ADM. JAKARTA TIMUR",KRAMATJATI,"BATU AMPAR","Jl. Entong Gendut RT 010 RW 006",-6.2699150714869605," 106.86024050674595","Korsleting Listrik","0 Rumah Tinggal, 0 Semi Permanen, 0 Gedung, 1 Gudang, 0 Kios/Ruko, 0 Lainnya",0,0,0,200000000
202509,3,7,"KOTA ADM. JAKARTA TIMUR",CIRACAS,"KELAPA DUA WETAN","Jln. Pembangunan III RT.003/RW.006",-6.347711762654604," 106.88223614353655","Korsleting Listrik","0 Rumah Tinggal, 0 Semi Permanen, 0 Gedung, 0 Gudang, 1 Kios/Ruko, 0 Lainnya",0,0,0,5000000
202509,3,7,"KOTA ADM. JAKARTA TIMUR",CAKUNG,"CAKUNG BARAT","Jln. Tipar Cakung, Rt 07/Rw.05",-6.154283959970116," 106.92837834907378","Korsleting Listrik","0 Rumah Tinggal, 0 Semi Permanen, 0 Gedung, 0 Gudang, 1 Kios/Ruko, 0 Lainnya",0,0,0,60000000
202509,3,7,"KOTA ADM. JAKARTA TIMUR",CIRACAS,CIBUBUR,"Perum Cibubur Residen Blok E No 7, RT. 06 RW. 10 ",-6.359422992973895," 106.87292491180395","Korsleting Listrik","1 Rumah Tinggal, 0 Semi Permanen, 0 Gedung, 0 Gudang, 0 Kios/Ruko, 0 Lainnya",0,0,0,50000000
202509,3,7,"KOTA ADM. JAKARTA TIMUR",JATINEGARA,"BALI MESTER","Jln. Pasar Lama Selatan RT 002 RW 006",-6.224408529656874," 106.86793949949625",Gas,"2 Rumah Tinggal, 0 Semi Permanen, 0 Gedung, 1 Gudang, 1 Kios/Ruko, 0 Lainnya",0,2,0,80000000
202509,3,7,"KOTA ADM. JAKARTA TIMUR","DUREN SAWIT","MALAKA SARI","Jl. Wijaya Kusuma II Gang VII RT 04 RW 07",-6.224438473665542," 106.9322551824159",Gas,"2 Rumah Tinggal, 0 Semi Permanen, 0 Gedung, 0 Gudang, 0 Kios/Ruko, 0 Lainnya",0,1,0,175000000
202509,3,7,"KOTA ADM. JAKARTA TIMUR",CAKUNG,PENGGILINGAN,"Jln. Pusat Industri Kecil RT 08 RW 10",-6.20419072834099," 106.93167803477506","Korsleting Listrik","1 Rumah Tinggal, 0 Semi Permanen, 0 Gedung, 0 Gudang, 0 Kios/Ruko, 0 Lainnya",0,0,0,5000000
202509,3,7,"KOTA ADM. JAKARTA UTARA",PENJARINGAN,PENJARINGAN,"Jl. Gedong Panjang RT.002/RW.013",-6.130310344193997," 106.80533149383757","Korsleting Listrik","1 Rumah Tinggal, 0 Semi Permanen, 0 Gedung, 0 Gudang, 0 Kios/Ruko, 0 Lainnya",0,1,0,100000000
202509,3,7,"KOTA ADM. JAKARTA UTARA",PENJARINGAN,"KAPUK MUARA","Jl. Kapuk Muara Raya Gang Rawa Elok RT 011 RW 004",-6.134023605190886," 106.7760726974484","Korsleting Listrik","1 Rumah Tinggal, 0 Semi Permanen, 0 Gedung, 0 Gudang, 0 Kios/Ruko, 0 Lainnya",0,0,0,5000000
202509,3,7,"KOTA ADM. JAKARTA UTARA",CILINCING,SUKAPURA,"Jl. Rawa Indah RT.04/RW.10, Kel. Sukapura, Kec. Cilincing",-6.143731576131445," 106.9156107608314","Korsleting Listrik","1 Rumah Tinggal, 0 Semi Permanen, 0 Gedung, 0 Gudang, 0 Kios/Ruko, 0 Lainnya",0,5,6,562400000
202509,3,7,"KOTA ADM. JAKARTA UTARA",CILINCING,KALIBARU,"Jl. Kalibaru Timur 3 RT.006 RW.003",-6.166149893375331," 106.85116476801643","Korsleting Listrik","1 Rumah Tinggal, 0 Semi Permanen, 0 Gedung, 0 Gudang, 0 Kios/Ruko, 0 Lainnya",0,0,0,5000000
202509,3,7,"KOTA ADM. JAKARTA UTARA",PADEMANGAN,"PADEMANGAN BARAT"," Jln. Ampera IV Rt 01/08",-6.134830854645731," 106.8333700178485","Korsleting Listrik","15 Rumah Tinggal, 0 Semi Permanen, 0 Gedung, 0 Gudang, 0 Kios/Ruko, 0 Lainnya",0,8,85,3896000000
202509,3,7,"KOTA ADM. JAKARTA UTARA","TANJUNG PRIOK","SUNTER AGUNG","Jl. Agung Utara 1 Blok A2 RT 010 RW 08,",-6.136925196041468," 106.85799662182383","Korsleting Listrik","0 Rumah Tinggal, 1 Semi Permanen, 0 Gedung, 0 Gudang, 0 Kios/Ruko, 0 Lainnya",0,0,0,100000000
202509,3,7,"KOTA ADM. JAKARTA UTARA",PENJARINGAN,"KAMAL MUARA","Ruko Elang Laut,Jl. Pantai Indah Selatan No.3D, RT.03/RW.03",-6.124639222601855," 106.74894725664419","Korsleting Listrik","0 Rumah Tinggal, 0 Semi Permanen, 0 Gedung, 0 Gudang, 1 Kios/Ruko, 0 Lainnya",0,1,0,50000000
202509,3,7,"KOTA ADM. JAKARTA UTARA",CILINCING,SUKAPURA," Jl. Sukapura Jaya RT 05/RW 10",-6.155249441296737," 106.91972501158253","Korsleting Listrik","1 Rumah Tinggal, 0 Semi Permanen, 0 Gedung, 0 Gudang, 0 Kios/Ruko, 0 Lainnya",0,0,0,150000000
202509,3,7,"KOTA ADM. JAKARTA UTARA",PENJARINGAN,PENJARINGAN,"Jln. Muara Baru RT.16/RW.17 Blok C",-6.115808407277879," 106.8045542859799","Korsleting Listrik","1 Rumah Tinggal, 0 Semi Permanen, 0 Gedung, 0 Gudang, 6 Kios/Ruko, 0 Lainnya",1,0,0,200000000
202509,3,7,"KOTA ADM. JAKARTA UTARA","TANJUNG PRIOK","SUNTER JAYA","Jl. Telaga Murni 1 RT.021/RW.001 No.21 ",-6.150222149919439," 106.86234269565854","Korsleting Listrik","0 Rumah Tinggal, 0 Semi Permanen, 0 Gedung, 0 Gudang, 1 Kios/Ruko, 0 Lainnya",0,0,0,500000000
202509,3,7,"KOTA ADM. JAKARTA UTARA",CILINCING,SUKAPURA,"Jln. Tipar Cakung , RT. 10 / RW. 01",-6.146935626818263," 106.92354238265169","Korsleting Listrik","1 Rumah Tinggal, 0 Semi Permanen, 0 Gedung, 0 Gudang, 0 Kios/Ruko, 0 Lainnya",0,0,9,242640000
202509,3,7,"KOTA ADM. JAKARTA UTARA",PENJARINGAN,"KAPUK MUARA","Jln. Florence 1 No. 36 RT 011/07",-6.106909105781756," 106.76096147116421","Korsleting Listrik","1 Rumah Tinggal, 0 Semi Permanen, 0 Gedung, 0 Gudang, 0 Kios/Ruko, 0 Lainnya",0,0,0,76410000
202509,3,7,"KOTA ADM. JAKARTA UTARA","TANJUNG PRIOK","KEBON BAWANG","Jln. Kebon Bawang Xll Rt 11 Rw 001",-6.113805377315471," 106.89350335664356","Korsleting Listrik","1 Rumah Tinggal, 0 Semi Permanen, 0 Gedung, 0 Gudang, 0 Kios/Ruko, 0 Lainnya",0,0,0,10000000
202509,3,7,"KOTA ADM. JAKARTA UTARA",KOJA,KOJA,"Jln. Jampea Lorong 21 RT 002/07",-6.108044477624409," 106.90155143295453","Korsleting Listrik","2 Rumah Tinggal, 0 Semi Permanen, 0 Gedung, 0 Gudang, 0 Kios/Ruko, 0 Lainnya",0,0,0,100000000
202509,3,7,"KOTA ADM. JAKARTA UTARA",CILINCING,KALIBARU,"Jl. Pelabuhan Kalibaru No.2, RT.06 RW.09",-6.101708403367219," 106.91844316960534","Korsleting Listrik","0 Rumah Tinggal, 1 Semi Permanen, 0 Gedung, 0 Gudang, 0 Kios/Ruko, 0 Lainnya",0,0,0,3000000
202509,3,7,"KOTA ADM. JAKARTA UTARA",PADEMANGAN,"PADEMANGAN TIMUR","Jl. Pademangan Gg.21 RT.09/RW.07 (Titik kenal Bank BCA)",-6.13609288531324," 106.84182499325404","Korsleting Listrik","0 Rumah Tinggal, 0 Semi Permanen, 0 Gedung, 0 Gudang, 0 Kios/Ruko, 0 Lainnya",0,0,0,1000000
202509,3,7,"KOTA ADM. JAKARTA UTARA",CILINCING,CILINCING,"Jl. Raya Cilincing Rt.02/08",-6.096745563561396," 106.94494393123722",Gas,"0 Rumah Tinggal, 0 Semi Permanen, 0 Gedung, 0 Gudang, 1 Kios/Ruko, 0 Lainnya",0,0,0,200000000
202509,3,7,"KOTA ADM. JAKARTA UTARA",CILINCING,KALIBARU,"Jln. Kalibaru Timur Kosambi Gang 5 No.39 RT.03 RW.13",-6.101721077316105," 106.91814954929305","Korsleting Listrik","1 Rumah Tinggal, 0 Semi Permanen, 0 Gedung, 0 Gudang, 0 Kios/Ruko, 0 Lainnya",0,0,0,50500000
202509,3,8,"KOTA ADM. JAKARTA BARAT","GROGOL PETAMBURAN",JELAMBAR,"Jl. Empang Bahagia RT 01, RW 06, No 24 D",-6.157990879725257," 106.78942608156945","Kebocoran gas","0 Rumah Tinggal, 0 Semi Permanen, 0 Gedung, 0 Gudang, 1 Kios/Ruko, 0 Lainnya",0,1,0,10000000
202509,3,8,"KOTA ADM. JAKARTA BARAT",CENGKARENG,KAPUK,"Jln. Gotong Royong No.14, RT.007/RW.08",-6.141304770357534," 106.7479529434788","Korsleting Listrik","4 Rumah Tinggal, 0 Semi Permanen, 0 Gedung, 0 Gudang, 0 Kios/Ruko, 0 Lainnya",0,0,0,120000000
202509,3,8,"KOTA ADM. JAKARTA BARAT",KEMBANGAN,"MERUYA UTARA","Jl. Kembang kerep, Gg Mie ayam, RT. 005 RW.02",-6.192681150028214," 106.74273665727205",Gas,"1 Rumah Tinggal, 0 Semi Permanen, 0 Gedung, 0 Gudang, 0 Kios/Ruko, 0 Lainnya",0,0,0,10000000
202509,3,8,"KOTA ADM. JAKARTA BARAT",KALIDERES,KALIDERES,"Jl. Gang Paris Gembol Paya RT 10/RW 13",-6.138883080010374," 106.69089283604416","Korsleting Listrik","1 Rumah Tinggal, 0 Semi Permanen, 0 Gedung, 0 Gudang, 0 Kios/Ruko, 0 Lainnya",0,1,0,176000000
202509,3,8,"KOTA ADM. JAKARTA BARAT",KALIDERES,"TEGAL ALUR","Jl. Permata RT. 05 RW. 11",-6.120990305161369," 106.7140946080706","Korsleting Listrik","1 Rumah Tinggal, 0 Semi Permanen, 0 Gedung, 0 Gudang, 0 Kios/Ruko, 0 Lainnya",0,0,0,0
202509,3,8,"KOTA ADM. JAKARTA BARAT",KEMBANGAN,JOGLO,"Jl. Taman Alfa Indah No.F4 No.5, RT 010/05",-6.221744164105663," 106.75513932883578","Kebocoran Gas LPG","1 Rumah Tinggal, 0 Semi Permanen, 0 Gedung, 0 Gudang, 0 Kios/Ruko, 0 Lainnya",0,0,0,1000000
202509,3,8,"KOTA ADM. JAKARTA BARAT",KALIDERES,KAMAL,"Jl Prepedan Dalam No.3 RT 006 RW 009",-6.109878377509706," 106.70236223435076","Korsleting Listrik","0 Rumah Tinggal, 0 Semi Permanen, 0 Gedung, 3 Gudang, 0 Kios/Ruko, 0 Lainnya",0,0,0,0
202509,3,8,"KOTA ADM. JAKARTA BARAT","GROGOL PETAMBURAN","WIJAYA KUSUMA","Jl. Indraloka II No.88A, RT. 07 / RW. 06",-6.155980604720102," 106.77781457416862","Korsleting Listrik","1 Rumah Tinggal, 0 Semi Permanen, 0 Gedung, 0 Gudang, 0 Kios/Ruko, 0 Lainnya",0,0,0,10000000
202509,3,8,"KOTA ADM. JAKARTA BARAT",CENGKARENG,KAPUK,"Jl. Kapuk Poglar RT 003 RW 004, Kel. Kapuk, Kec. Cengkareng",-6.146267829947128," 106.77212341474996","Korsleting Listrik","8 Rumah Tinggal, 0 Semi Permanen, 0 Gedung, 0 Gudang, 0 Kios/Ruko, 0 Lainnya",0,0,0,50600000
202509,3,8,"KOTA ADM. JAKARTA BARAT","TAMAN SARI","MANGGA BESAR","Jl. Blimbing RT 004 RW 004",-6.146214805699247," 106.82014986013769","Korsleting Listrik","3 Rumah Tinggal, 1 Semi Permanen, 0 Gedung, 0 Gudang, 0 Kios/Ruko, 0 Lainnya",0,2,50,1500000000
202509,3,8,"KOTA ADM. JAKARTA BARAT",KALIDERES,SEMANAN,"Jl. Masjid Al Husna RT.01 RW.02",-6.16514763976096," 106.70464564372733","Korsleting Listrik","2 Rumah Tinggal, 0 Semi Permanen, 0 Gedung, 0 Gudang, 0 Kios/Ruko, 0 Lainnya",1,0,7,539200000
202509,3,8,"KOTA ADM. JAKARTA BARAT","GROGOL PETAMBURAN","WIJAYA KUSUMA","Jl. Wijaya Kusuma RT 008 RW 004 Blok UU No.2",-6.154642933104258," 106.77111258951113","Kompor Induksi","1 Rumah Tinggal, 0 Semi Permanen, 0 Gedung, 0 Gudang, 0 Kios/Ruko, 0 Lainnya",0,0,0,100000000
202509,3,8,"KOTA ADM. JAKARTA BARAT","KEBON JERUK","KEBON JERUK","Jl. Rampai No . 25, RT 03 RW 06",-6.193989144265412," 106.77079644232857","Korsleting Listrik","1 Rumah Tinggal, 0 Semi Permanen, 0 Gedung, 0 Gudang, 0 Kios/Ruko, 0 Lainnya",0,0,0,30000000
202509,3,8,"KOTA ADM. JAKARTA BARAT",KALIDERES,"TEGAL ALUR","Jl. Rawa melati blok A 1 No.5 Rt 03 Rw 02 ",-6.108413140419326," 106.71541955087011","Korsleting Listrik","0 Rumah Tinggal, 0 Semi Permanen, 0 Gedung, 1 Gudang, 0 Kios/Ruko, 0 Lainnya",0,0,0,16000000
202509,3,8,"KOTA ADM. JAKARTA BARAT",TAMBORA,"JEMBATAN BESI","Jln. Jembatan Besi Raya, RT.05/RW.07",-6.15100126344289," 106.79843185088185","Korsleting Listrik","0 Rumah Tinggal, 0 Semi Permanen, 0 Gedung, 0 Gudang, 0 Kios/Ruko, 0 Lainnya",0,1,0,5000000
202509,3,8,"KOTA ADM. JAKARTA BARAT","GROGOL PETAMBURAN","WIJAYA KUSUMA","Jl. Anyar 4, RT.005 RW. 010",-6.158874894546842," 106.77851182698568","Korsleting Listrik","1 Rumah Tinggal, 0 Semi Permanen, 0 Gedung, 0 Gudang, 0 Kios/Ruko, 0 Lainnya",0,0,0,242000000
202509,3,8,"KOTA ADM. JAKARTA BARAT",TAMBORA,"JEMBATAN BESI","Jl. Jembatan Besi VIII RT 004, RT 013 RW. 006 (Belakang Pos Jembatan Besi Baru)",-6.152772247766832," 106.79789536334052","Korsleting Listrik","6 Rumah Tinggal, 0 Semi Permanen, 0 Gedung, 0 Gudang, 0 Kios/Ruko, 0 Lainnya",0,3,63,6000000000
202509,3,8,"KOTA ADM. JAKARTA BARAT","GROGOL PETAMBURAN","JELAMBAR BARU","Jl. Jelambar Jaya III RT.011 RW.02",-6.1523644541373415," 106.7885673522511","Korsleting Listrik","0 Rumah Tinggal, 0 Semi Permanen, 0 Gedung, 0 Gudang, 2 Kios/Ruko, 0 Lainnya",0,0,0,1500000000
202509,3,8,"KOTA ADM. JAKARTA BARAT",KALIDERES,PEGADUNGAN,"Jl. Tanjung Pura, (Kampung Maja) RT.009/RW.05, Kel. Pegadungan, Kec. kalideres ","VMFX+P8 Pegadungan"," Daerah Khusus Ibukota Jakarta","Pembakaran Obat Nyamuk","1 Rumah Tinggal, 0 Semi Permanen, 0 Gedung, 0 Gudang, 0 Kios/Ruko, 0 Lainnya",0,1,0,0
202509,3,8,"KOTA ADM. JAKARTA BARAT","KEBON JERUK","KELAPA DUA","Jl. Anggrek No.46, RT 007 RW 002",-6.203045868345881," 106.77086515374477",Gas,"1 Rumah Tinggal, 0 Semi Permanen, 0 Gedung, 0 Gudang, 0 Kios/Ruko, 0 Lainnya",0,0,0,20000000
202509,3,8,"KOTA ADM. JAKARTA BARAT",CENGKARENG,"DURI KOSAMBI","Jl. Kosambi timur raya Blok. E9 No. 36 RT. 01 RW. 09",-6.17027787430424," 106.71916516529932","Korsleting Listrik","1 Rumah Tinggal, 0 Semi Permanen, 0 Gedung, 0 Gudang, 0 Kios/Ruko, 0 Lainnya",0,0,0,5000000
202509,3,8,"KOTA ADM. JAKARTA BARAT",KEMBANGAN,"MERUYA UTARA","Jl. Taman Meruya Ilir RT 018 RW 004, kel. Meruya Utara, Kec. Kembangan",-6.1998514324980905," 106.738517801206","Korsleting Listrik","0 Rumah Tinggal, 0 Semi Permanen, 0 Gedung, 0 Gudang, 1 Kios/Ruko, 0 Lainnya",0,0,0,0
202509,3,8,"KOTA ADM. JAKARTA BARAT",KEMBANGAN,JOGLO,"Jl. Joglo Raya No.25, RT.04 RW.03",-6.219034176940025," 106.73505629272793","Korsleting Listrik","0 Rumah Tinggal, 0 Semi Permanen, 0 Gedung, 0 Gudang, 0 Kios/Ruko, 0 Lainnya",0,0,0,5000000
202509,3,8,"KOTA ADM. JAKARTA BARAT",CENGKARENG,"CENGKARENG TIMUR","Jl. Kapuk Cengkareng ( Apartemen City Park Tower H) RT 009 RW 009",-6.130414488930077," 106.73533018206834","Kompor Gas","0 Rumah Tinggal, 0 Semi Permanen, 1 Gedung, 0 Gudang, 0 Kios/Ruko, 0 Lainnya",0,11,0,495000000
202509,3,8,"KOTA ADM. JAKARTA PUSAT",SENEN,KRAMAT,"Jl. Kramat Raya 55 RT.08 RW.08",-6.184680958943982," 106.84892490486259","Aksi Masa","0 Rumah Tinggal, 0 Semi Permanen, 1 Gedung, 0 Gudang, 0 Kios/Ruko, 0 Lainnya",0,0,0,0
202509,3,8,"KOTA ADM. JAKARTA PUSAT",SENEN,KENARI,"Jl. Salemba Raya No.18, RT 004 RW 006",-6.198562662281314," 106.84997980315956","Korsleting Listrik","0 Rumah Tinggal, 0 Semi Permanen, 1 Gedung, 0 Gudang, 0 Kios/Ruko, 0 Lainnya",0,0,0,10000000
202509,3,8,"KOTA ADM. JAKARTA PUSAT","TANAH ABANG","KEBON MELATI","Jl. Kb. Pala 1 No.3  Rt.002/Rw.16",-6.195653606410696," 106.81398227417966","Kebocoran Gas","1 Rumah Tinggal, 0 Semi Permanen, 0 Gedung, 0 Gudang, 0 Kios/Ruko, 0 Lainnya",0,0,0,4000000
202509,3,8,"KOTA ADM. JAKARTA PUSAT","CEMPAKA PUTIH",RAWASARI,"Jl. Rawamangun RT 007 RW. 02,",-6.193463084686748," 106.85877082092863","Korsleting Listrik","0 Rumah Tinggal, 0 Semi Permanen, 0 Gedung, 0 Gudang, 1 Kios/Ruko, 0 Lainnya",0,0,0,0
202509,3,8,"KOTA ADM. JAKARTA PUSAT","SAWAH BESAR","GUNUNG SAHARI UTARA","Jl. Gunung Sahari no. 316 RT 16 RW 03",-6.150565494380541," 106.835336512796","Korsleting Listrik","0 Rumah Tinggal, 0 Semi Permanen, 1 Gedung, 0 Gudang, 0 Kios/Ruko, 0 Lainnya",0,0,0,50000000
202509,3,8,"KOTA ADM. JAKARTA PUSAT","TANAH ABANG","KAMPUNG BALI","Jl. Tanah Rendah Besar II No.14, RT. 12 RW. 05",-6.1838001334872805," 106.81422909938478",Lilin,"1 Rumah Tinggal, 0 Semi Permanen, 0 Gedung, 0 Gudang, 0 Kios/Ruko, 0 Lainnya",0,0,0,20000000
202509,3,8,"KOTA ADM. JAKARTA PUSAT",GAMBIR,"PETOJO UTARA","Jl. Kyai Haji Zainul Arifin No.6 RT 001 RW 001",-6.160827928562544," 106.81378770185216",Gas,"1 Rumah Tinggal, 0 Semi Permanen, 0 Gedung, 0 Gudang, 1 Kios/Ruko, 0 Lainnya",0,0,0,20000000
202509,3,8,"KOTA ADM. JAKARTA PUSAT",MENTENG,GONDANGDIA,"Jl. Sawo No.70 RT 010/002",-6.1956726584623425," 106.83516583690762","Korsleting Listrik","1 Rumah Tinggal, 0 Semi Permanen, 0 Gedung, 0 Gudang, 0 Kios/Ruko, 0 Lainnya",0,0,0,100000000
202509,3,8,"KOTA ADM. JAKARTA PUSAT","TANAH ABANG","BENDUNGAN HILIR","Jl. Pejompongan III RT. 03 RW. 05",-6.203206948669643," 106.80297863806437","Korsleting Listrik","0 Rumah Tinggal, 0 Semi Permanen, 0 Gedung, 1 Gudang, 0 Kios/Ruko, 0 Lainnya",0,0,0,300000000
202509,3,8,"KOTA ADM. JAKARTA PUSAT","SAWAH BESAR",KARTINI,"Jl. Kartini Raya No.57",-6.153688913398795," 106.83687643350206","Korsleting Listrik","0 Rumah Tinggal, 0 Semi Permanen, 1 Gedung, 0 Gudang, 0 Kios/Ruko, 0 Lainnya",0,0,0,20000000
202509,3,8,"KOTA ADM. JAKARTA PUSAT","CEMPAKA PUTIH","CEMPAKA PUTIH BARAT","Jl. Cempaka I No. 19, RT. 06 RW. 09",-6.17951840221185," 106.862551349333","Korsleting Listrik","1 Rumah Tinggal, 0 Semi Permanen, 0 Gedung, 0 Gudang, 0 Kios/Ruko, 0 Lainnya",0,0,0,56240000
202509,3,8,"KOTA ADM. JAKARTA SELATAN",JAGAKARSA,JAGAKARSA,"Jln. Moh. Kahfi 1 1, RT.2/RW.6",-6.333306082395342," 106.80549048844449",Gas,"0 Rumah Tinggal, 0 Semi Permanen, 0 Gedung, 0 Gudang, 1 Kios/Ruko, 0 Lainnya",0,0,0,100000000
202509,3,8,"KOTA ADM. JAKARTA SELATAN","MAMPANG PRAPATAN","PELA MAMPANG","Jl. Bangka II GG.4  RT.007/RW.005",-6.243943591795605," 106.81677107790763",Gas,"1 Rumah Tinggal, 0 Semi Permanen, 0 Gedung, 0 Gudang, 4 Kios/Ruko, 0 Lainnya",0,1,0,537000000
202509,3,8,"KOTA ADM. JAKARTA SELATAN","KEBAYORAN BARU","GANDARIA UTARA","Jl. Hidup Baru No.36 RT 010 RW 007",-6.26101236563444," 106.79382623274522","Korsleting Listrik","2 Rumah Tinggal, 0 Semi Permanen, 0 Gedung, 0 Gudang, 3 Kios/Ruko, 0 Lainnya",0,3,16,2316300000
202509,3,8,"KOTA ADM. JAKARTA SELATAN",JAGAKARSA,"LENTENG AGUNG","Jl. Agung Raya I No.9, RT.9/RW.2",-6.32297145922662," 106.83742698955827","Korsleting Listrik","1 Rumah Tinggal, 0 Semi Permanen, 0 Gedung, 0 Gudang, 0 Kios/Ruko, 0 Lainnya",0,0,0,0
202509,3,8,"KOTA ADM. JAKARTA SELATAN","KEBAYORAN BARU",MELAWAI,"Jl. Sunan Ngampel No.133C RT 05 RW 02",-6.241389978677568," 106.80375670921939","Korsleting Listrik","0 Rumah Tinggal, 0 Semi Permanen, 0 Gedung, 0 Gudang, 1 Kios/Ruko, 0 Lainnya",0,0,0,500000000
202509,3,8,"KOTA ADM. JAKARTA SELATAN",PANCORAN,RAWAJATI,"Jl. Rawajati Timur, Gg. Langgar No. 23, Rt. 03/Rw. 10",-6.263446198427954," 106.85125628954161","Korsleting Listrik","0 Rumah Tinggal, 1 Semi Permanen, 0 Gedung, 0 Gudang, 0 Kios/Ruko, 0 Lainnya",0,0,0,20000000
202509,3,8,"KOTA ADM. JAKARTA SELATAN","KEBAYORAN BARU",SENAYAN,"Jl. Tulodong Atas 2 No.52-53 RT. 05 RW.03 ",-6.224669257694681," 106.80931362721522","Korsleting Listrik","0 Rumah Tinggal, 0 Semi Permanen, 0 Gedung, 0 Gudang, 1 Kios/Ruko, 0 Lainnya",0,0,0,50000000
202509,3,8,"KOTA ADM. JAKARTA SELATAN","PASAR MINGGU","CILANDAK TIMUR","Jl. Kemang Selatan Raya No 150 E RT.04 RW.04",-6.272703276518066," 106.81924685151813","Kebocoran Gas","0 Rumah Tinggal, 0 Semi Permanen, 0 Gedung, 0 Gudang, 2 Kios/Ruko, 0 Lainnya",0,1,0,2600000000
202509,3,8,"KOTA ADM. JAKARTA SELATAN",CILANDAK,"GANDARIA SELATAN","Komplek Griya; Jl. Kramat Batu RT 002 Rw 005",-6.271958942599692," 106.79624323148889","Korsleting Listrik","1 Rumah Tinggal, 0 Semi Permanen, 0 Gedung, 0 Gudang, 0 Kios/Ruko, 0 Lainnya",0,0,0,20000000
202509,3,8,"KOTA ADM. JAKARTA SELATAN",TEBET,"BUKIT DURI","Jl. Kampung Melayu Barat No.4 RT 009 RW 006",-6.224296625488262," 106.85667146683498","Korsleting Listrik","7 Rumah Tinggal, 0 Semi Permanen, 0 Gedung, 0 Gudang, 0 Kios/Ruko, 0 Lainnya",0,4,24,1017944000
202509,3,8,"KOTA ADM. JAKARTA SELATAN",TEBET,"MANGGARAI SELATAN","Jl. Dr. Saharjo RT 04 RW 04",-6.209986461750744," 106.84739724749194","Kebocoran Gas","0 Rumah Tinggal, 0 Semi Permanen, 0 Gedung, 0 Gudang, 1 Kios/Ruko, 0 Lainnya",0,0,0,500000
202509,3,8,"KOTA ADM. JAKARTA SELATAN",TEBET,"MENTENG DALAM","Jl. Persada Raya No. 23 RT 015 RW 012",-6.22861372394995," 106.84354064350293",Kompor,"1 Rumah Tinggal, 0 Semi Permanen, 0 Gedung, 0 Gudang, 0 Kios/Ruko, 0 Lainnya",0,0,0,50000000
202509,3,8,"KOTA ADM. JAKARTA SELATAN","PASAR MINGGU","PASAR MINGGU","Jl. KH. Guru Amin No.9A, Rt.6/Rw.1, (Belakang Toko Jaya Murni)",-6.279952455458718," 106.84483559140173","Korsleting Listrik","1 Rumah Tinggal, 0 Semi Permanen, 0 Gedung, 0 Gudang, 0 Kios/Ruko, 0 Lainnya",0,0,0,12654000
202509,3,8,"KOTA ADM. JAKARTA SELATAN","KEBAYORAN BARU",MELAWAI,"Jl. Falatehan I No.16 2, RT.02 RW.01",-6.24184709103252," 106.801858291341","Korsleting Listrik","0 Rumah Tinggal, 0 Semi Permanen, 0 Gedung, 0 Gudang, 1 Kios/Ruko, 0 Lainnya",0,0,0,120400000
202509,3,8,"KOTA ADM. JAKARTA SELATAN","PASAR MINGGU","PASAR MINGGU","Jl. AUP No.6 RT 004 RW 010",-6.291526930265115," 106.83643902397193","Korsleting Listrik","0 Rumah Tinggal, 0 Semi Permanen, 0 Gedung, 1 Gudang, 0 Kios/Ruko, 0 Lainnya",0,0,0,100000000
202509,3,8,"KOTA ADM. JAKARTA TIMUR","DUREN SAWIT",KLENDER,"Jl. Buaran 2 No.56 RT 004 RW 013",-6.218364743525635," 106.9193848180316","Korsleting Listrik","1 Rumah Tinggal, 0 Semi Permanen, 0 Gedung, 0 Gudang, 0 Kios/Ruko, 0 Lainnya",0,0,0,150000000
202509,3,8,"KOTA ADM. JAKARTA TIMUR","DUREN SAWIT",KLENDER,"Jl. Kp. Sumur RT 013 RW 017",-6.216750691323896," 106.91129360090005","Korsleting Listrik","1 Rumah Tinggal, 0 Semi Permanen, 0 Gedung, 0 Gudang, 0 Kios/Ruko, 0 Lainnya",0,0,0,125000000
202509,3,8,"KOTA ADM. JAKARTA TIMUR",MAKASAR,"HALIM PERDANA KUSUMA","Jl. Raya Halim Perdana Kusuma,  RT.01 RW.09",-6.25476260010018," 106.88447272614238","Korsleting Listrik","0 Rumah Tinggal, 0 Semi Permanen, 0 Gedung, 0 Gudang, 1 Kios/Ruko, 0 Lainnya",0,0,0,20000000
202509,3,8,"KOTA ADM. JAKARTA TIMUR",CAKUNG,PENGGILINGAN,"Jln. Raya Penggilingan RT 012/011",-6.199613978125757," 106.93689751858136","Korsleting Listrik","1 Rumah Tinggal, 0 Semi Permanen, 0 Gedung, 0 Gudang, 0 Kios/Ruko, 0 Lainnya",0,0,0,100000000
202509,3,8,"KOTA ADM. JAKARTA TIMUR",CIRACAS,CIBUBUR,"Jl. Blok Duku Gang Madrasah RT 015 RW 010",-6.355719722053103," 106.87931954601895","Korsleting Listrik","1 Rumah Tinggal, 0 Semi Permanen, 0 Gedung, 0 Gudang, 0 Kios/Ruko, 0 Lainnya",0,1,0,320000000
202509,3,8,"KOTA ADM. JAKARTA TIMUR",JATINEGARA,"CIPINANG CEMPEDAK","Jl. Kb. Nanas Selatan I RT.08 RW.08",-6.235298525004748," 106.8725437369083","Korsleting Listrik","2 Rumah Tinggal, 0 Semi Permanen, 0 Gedung, 0 Gudang, 1 Kios/Ruko, 0 Lainnya",0,0,0,0
202509,3,8,"KOTA ADM. JAKARTA TIMUR",MATRAMAN,"PISANGAN BARU","Jl. Matraman RT 004 RW 010",-6.211744898700084," 106.87229942341601",Gas,"0 Rumah Tinggal, 0 Semi Permanen, 0 Gedung, 0 Gudang, 1 Kios/Ruko, 0 Lainnya",0,0,0,500000000
202509,3,8,"KOTA ADM. JAKARTA TIMUR",MAKASAR,MAKASAR,"Jl. Raya Suprapto, RT.01 RW.06",-6.172488800758482," 106.86120245092614",Gas,"0 Rumah Tinggal, 0 Semi Permanen, 0 Gedung, 0 Gudang, 1 Kios/Ruko, 0 Lainnya",0,0,0,500000
202509,3,8,"KOTA ADM. JAKARTA TIMUR",CAKUNG,"PULO GEBANG","Jl.Raya Pulogebang RT. 14/RW. 03",-6.216141172592816," 106.95352495589329",Gas,"0 Rumah Tinggal, 0 Semi Permanen, 0 Gedung, 0 Gudang, 1 Kios/Ruko, 0 Lainnya",0,3,0,210000000
202509,3,8,"KOTA ADM. JAKARTA TIMUR",MATRAMAN,"PISANGAN BARU","Jl. Pisangan Baru Tengah Rt.05/Rw.14 No.301",-6.212596216992599," 106.87235780247852",Gas,"0 Rumah Tinggal, 0 Semi Permanen, 0 Gedung, 0 Gudang, 1 Kios/Ruko, 0 Lainnya",0,3,0,567000000
202509,3,8,"KOTA ADM. JAKARTA TIMUR",CIPAYUNG,CIPAYUNG,"Jln. Masjid III Rt 006/06",-6.320258100374569," 106.89205352464269","Korsleting Listrik","1 Rumah Tinggal, 0 Semi Permanen, 0 Gedung, 0 Gudang, 0 Kios/Ruko, 0 Lainnya",0,0,0,50000000
202509,3,8,"KOTA ADM. JAKARTA TIMUR",MAKASAR,"KEBON PALA","Jl. SD Inpres RT 14 RW 04",-6.257084793720081," 106.88029295225263",Gas,"1 Rumah Tinggal, 0 Semi Permanen, 0 Gedung, 0 Gudang, 0 Kios/Ruko, 0 Lainnya",0,0,0,50000
202509,3,8,"KOTA ADM. JAKARTA TIMUR","PASAR REBO",GEDONG,"Jl. Gg H. Marta, RT. 001 RW. 0012",-6.300077551862421," 106.86641063399814","Korsleting Listrik","1 Rumah Tinggal, 0 Semi Permanen, 0 Gedung, 0 Gudang, 0 Kios/Ruko, 0 Lainnya",0,0,0,150000000
202509,3,8,"KOTA ADM. JAKARTA TIMUR","PASAR REBO",PEKAYON,"Jl. Al Maghfiroh No.3, RT 008/009",-6.343383188680483," 106.86238733690989","Korsleting Listrik","1 Rumah Tinggal, 0 Semi Permanen, 0 Gedung, 0 Gudang, 0 Kios/Ruko, 0 Lainnya",0,0,0,10000000
202509,3,8,"KOTA ADM. JAKARTA TIMUR",KRAMATJATI,TENGAH,"Jl. Rahayu RT 003 RW 01 No. 10",-6.288270156006558," 106.87069647392336",Kompor,"1 Rumah Tinggal, 0 Semi Permanen, 0 Gedung, 0 Gudang, 0 Kios/Ruko, 0 Lainnya",0,0,0,500000
202509,3,8,"KOTA ADM. JAKARTA UTARA",CILINCING,ROROTAN,"Jl. Cakung Cilincing RT 003 RW 005",-6.182048360239193," 106.94260813690742","Korsleting Listrik","0 Rumah Tinggal, 0 Semi Permanen, 0 Gedung, 0 Gudang, 1 Kios/Ruko, 0 Lainnya",0,0,0,20000000
202509,3,8,"KOTA ADM. JAKARTA UTARA",PENJARINGAN,PLUIT,"Jl. Muara Karang Blok.Z 4 RT.011/RW.003 No.13",-6.116069481850247," 106.78036664232894","Percikan Api","0 Rumah Tinggal, 0 Semi Permanen, 0 Gedung, 0 Gudang, 1 Kios/Ruko, 0 Lainnya",0,0,0,10000000
202509,3,8,"KOTA ADM. JAKARTA UTARA",PENJARINGAN,"KAPUK MUARA","Jl. Kapuk Muara Ponpes Khairul Ummah Syahroni RT 006 RW 005",-6.132861756898635," 106.7759638009572","Korsleting Listrik","0 Rumah Tinggal, 0 Semi Permanen, 0 Gedung, 0 Gudang, 0 Kios/Ruko, 0 Lainnya",0,0,0,5000000
202509,3,8,"KOTA ADM. JAKARTA UTARA",PADEMANGAN,"PADEMANGAN BARAT","Jl. Budi Mulia GG E2 RT 005, RW 010 No 027",-6.132846308538543," 106.83859449599817","Korsleting Listrik","1 Rumah Tinggal, 0 Semi Permanen, 0 Gedung, 0 Gudang, 0 Kios/Ruko, 0 Lainnya",0,0,0,16872000
202509,3,8,"KOTA ADM. JAKARTA UTARA","TANJUNG PRIOK","SUNTER JAYA","Jl. Lantana Raya RT 011 RW 008",-6.151961569334623," 106.87354637416755","Korsleting Listrik","0 Rumah Tinggal, 0 Semi Permanen, 0 Gedung, 1 Gudang, 0 Kios/Ruko, 0 Lainnya",0,0,0,100000000
202509,3,8,"KOTA ADM. JAKARTA UTARA","KELAPA GADING","PEGANGSAAN DUA","Jl. Perintis Kemerdekaan No.39 RT.003 RW.013",-6.175149729266446," 106.89363632341558","Korsleting Listrik","0 Rumah Tinggal, 0 Semi Permanen, 1 Gedung, 0 Gudang, 0 Kios/Ruko, 0 Lainnya",0,0,0,100000000
202509,3,8,"KOTA ADM. JAKARTA UTARA",PADEMANGAN,"PADEMANGAN BARAT","Jl. Budi Mulia, RT. 10 RW. 11",-6.13281294267866," 106.83955682534359","Korsleting Listrik","1 Rumah Tinggal, 0 Semi Permanen, 0 Gedung, 0 Gudang, 0 Kios/Ruko, 0 Lainnya",0,0,0,2000000
202509,3,8,"KOTA ADM. JAKARTA UTARA",PADEMANGAN,ANCOL,"Jl. Gn Sahari No.1",-6.158388996206084," 106.83754363558195","Korsleting Listrik","0 Rumah Tinggal, 0 Semi Permanen, 1 Gedung, 0 Gudang, 0 Kios/Ruko, 0 Lainnya",0,4,0,80000000
202509,3,8,"KOTA ADM. JAKARTA UTARA","KELAPA GADING","KELAPA GADING TIMUR","Jl. Sumagung III No.10 Blok R2 RT 012 RW 019",-6.170021233171621," 106.90261535882989",Gas,"0 Rumah Tinggal, 0 Semi Permanen, 0 Gedung, 0 Gudang, 1 Kios/Ruko, 0 Lainnya",0,0,0,5000000
202509,3,9,"KOTA ADM. JAKARTA BARAT",KALIDERES,"TEGAL ALUR","Citra Garden 6 Cluster Oren Heliconia Blok H 5 No.17 RT 011 RW 015",-6.125454833404613," 106.71021462782609","Korsleting Listrik","1 Rumah Tinggal, 0 Semi Permanen, 0 Gedung, 0 Gudang, 0 Kios/Ruko, 0 Lainnya",0,0,0,1000000
202509,3,9,"KOTA ADM. JAKARTA BARAT","PAL MERAH",PALMERAH,"Jl. KH Syahdan, Rt. 02/12",-6.200849762502319," 106.7836892975955","Korsleting Listrik","1 Rumah Tinggal, 0 Semi Permanen, 0 Gedung, 0 Gudang, 0 Kios/Ruko, 0 Lainnya",0,0,0,0
202509,3,9,"KOTA ADM. JAKARTA BARAT",TAMBORA,KRENDANG,"Jl. Krendang Utara, RT.14 RW.03",-6.147777790907147," 106.805296541758","Korsleting Listrik","1 Rumah Tinggal, 0 Semi Permanen, 0 Gedung, 0 Gudang, 0 Kios/Ruko, 0 Lainnya",0,3,0,750000000
202509,3,9,"KOTA ADM. JAKARTA BARAT",KEMBANGAN,"MERUYA SELATAN","Jl. Manunggal RT 004 RW 001",-6.206014092600511," 106.74217021718947",Gas,"1 Rumah Tinggal, 0 Semi Permanen, 0 Gedung, 0 Gudang, 0 Kios/Ruko, 0 Lainnya",0,0,0,10000000
202509,3,9,"KOTA ADM. JAKARTA BARAT",CENGKARENG,"CENGKARENG TIMUR","Pujasera Rusun Cinta Kasih Tzu Chi Blok B RT.14 RW.17",-6.132606999060048," 106.73653014235279","Kompor Gas","0 Rumah Tinggal, 0 Semi Permanen, 0 Gedung, 0 Gudang, 1 Kios/Ruko, 0 Lainnya",0,0,0,2000000
202509,3,9,"KOTA ADM. JAKARTA BARAT",KALIDERES,PEGADUNGAN,"Jl. Jambu Air RT 008 RW 002, Kel. Pegadungan, Kec. Kalideres",-6.139295490156832," 106.70948485597111","Korsleting Listrik","0 Rumah Tinggal, 3 Semi Permanen, 0 Gedung, 0 Gudang, 0 Kios/Ruko, 0 Lainnya",0,0,0,50000000
202509,3,9,"KOTA ADM. JAKARTA BARAT","GROGOL PETAMBURAN","TANJUNG DUREN SELATAN","Jln. Tanjung Duren Raya No.71, RT.06 RW.05",-6.178396563467746," 106.78383642341561","Kompor ","1 Rumah Tinggal, 0 Semi Permanen, 0 Gedung, 0 Gudang, 0 Kios/Ruko, 0 Lainnya",0,0,0,300000
202509,3,9,"KOTA ADM. JAKARTA BARAT",KALIDERES,PEGADUNGAN,"Citra Garden 8 Cluster Aero Mansion Blok N3 No.08, RT. 006/ RW.04",-6.121196536057426," 106.69728069744505","Korsleting Listrik","1 Rumah Tinggal, 0 Semi Permanen, 0 Gedung, 0 Gudang, 0 Kios/Ruko, 0 Lainnya",2,0,0,815040000
202509,3,9,"KOTA ADM. JAKARTA BARAT",KEMBANGAN,SRENGSENG,"Jl. Srengseng Raya No.86, RT 010 RW 005",-6.20755861674615," 106.75857975828045","Korsleting Listrik","0 Rumah Tinggal, 0 Semi Permanen, 0 Gedung, 0 Gudang, 1 Kios/Ruko, 0 Lainnya",0,0,0,10000000
202509,3,9,"KOTA ADM. JAKARTA BARAT","PAL MERAH",PALMERAH,"Jl. Palmerah Utara II Gg. Mangga II, RT. 03/RW. 05,",-6.201021274015943," 106.79438951782707","Korsleting Listrik","1 Rumah Tinggal, 0 Semi Permanen, 0 Gedung, 0 Gudang, 0 Kios/Ruko, 0 Lainnya",0,0,0,1000000
202509,3,9,"KOTA ADM. JAKARTA BARAT",CENGKARENG,"RAWA BUAYA","Jl. Rawa Buaya No.8, RT.11 RW.01",-6.15715002105633," 106.7307125945791","Pembakaran sampah","0 Rumah Tinggal, 1 Semi Permanen, 0 Gedung, 0 Gudang, 0 Kios/Ruko, 0 Lainnya",0,0,0,10000000
202509,3,9,"KOTA ADM. JAKARTA BARAT","TAMAN SARI",TANGKI,"Jl. Tangki GG Langgar RT.10 RW.06",-6.14302728916599," 106.82178925163878","Korsleting Listrik","180 Rumah Tinggal, 0 Semi Permanen, 0 Gedung, 0 Gudang, 0 Kios/Ruko, 0 Lainnya",0,14,290,396359712000
202509,3,9,"KOTA ADM. JAKARTA BARAT",KEMBANGAN,JOGLO,"Jl. Kenanga (asrama pemadam) RT 009 RW 002",-6.203061003421935," 106.72361223063787","Dalam Pendataan","1 Rumah Tinggal, 0 Semi Permanen, 0 Gedung, 0 Gudang, 0 Kios/Ruko, 0 Lainnya",0,0,0,0
202509,3,9,"KOTA ADM. JAKARTA BARAT","PAL MERAH",SLIPI,"Jl. Brigjen Katamso No.05, RT.10/RW.06",-6.188815564434903," 106.80285994527287","Korsleting Listrik","0 Rumah Tinggal, 0 Semi Permanen, 0 Gedung, 1 Gudang, 0 Kios/Ruko, 0 Lainnya",0,0,0,0
202509,3,9,"KOTA ADM. JAKARTA BARAT","TAMAN SARI",PINANGSIA,"Jl. Pangeran Jayakarta, RT.08 / RW. 01",-6.140778779309276," 106.82653764802014","Korsleting Listrik","1 Rumah Tinggal, 0 Semi Permanen, 0 Gedung, 0 Gudang, 0 Kios/Ruko, 0 Lainnya",0,0,0,3000000
202509,3,9,"KOTA ADM. JAKARTA BARAT",CENGKARENG,KAPUK,"Jl. Rawa gabus RT. 08 RW. 011 ",-6.1280372994948955," 106.73848024347555","Korsleting Listrik","1 Rumah Tinggal, 0 Semi Permanen, 0 Gedung, 0 Gudang, 0 Kios/Ruko, 0 Lainnya",0,0,12,404172001
202509,3,9,"KOTA ADM. JAKARTA BARAT",KALIDERES,"TEGAL ALUR","Jl. Menvo Dalam RT 007 RW 010",-6.126284698481081," 106.71886776651762","Korsleting Listrik","1 Rumah Tinggal, 0 Semi Permanen, 0 Gedung, 0 Gudang, 0 Kios/Ruko, 0 Lainnya",0,0,0,10000000
202509,3,9,"KOTA ADM. JAKARTA PUSAT","SAWAH BESAR","PASAR BARU"," Jl Belakang Pasar Baru III RT 007  RW 04",-6.162759262646547," 106.83536308650659","Over Heat dari Setrika Listrik","1 Rumah Tinggal, 0 Semi Permanen, 0 Gedung, 0 Gudang, 0 Kios/Ruko, 0 Lainnya",0,1,0,3000000
202509,3,9,"KOTA ADM. JAKARTA PUSAT","JOHAR BARU","TANAH TINGGI","Jl. Tanah Tinggi 12 RT 008/012",-6.18082097064764," 106.8483780067467","Korsleting Listrik","1 Rumah Tinggal, 0 Semi Permanen, 0 Gedung, 0 Gudang, 0 Kios/Ruko, 0 Lainnya",0,0,0,5000000
202509,3,9,"KOTA ADM. JAKARTA PUSAT",GAMBIR,"DURI PULO","Jl. Duri 1 RT 10 RW 02",-6.163640592149286," 106.80748803231114","Kompor Gas","0 Rumah Tinggal, 1 Semi Permanen, 0 Gedung, 0 Gudang, 1 Kios/Ruko, 0 Lainnya",0,0,0,20000000
202509,3,9,"KOTA ADM. JAKARTA PUSAT","SAWAH BESAR","PASAR BARU","Jl. Pasar Baru, RT. 005/ RW. 08",-6.1636383902742695," 106.83373049407807","Korsleting Listrik","0 Rumah Tinggal, 0 Semi Permanen, 0 Gedung, 0 Gudang, 1 Kios/Ruko, 0 Lainnya",0,0,0,17000000
202509,3,9,"KOTA ADM. JAKARTA PUSAT",SENEN,SENEN,"Jl. Pasar Senen dalam, RT. 14,15 RW. 04",-6.169505898657812," 106.84317714348697","Korsleting Listrik","36 Rumah Tinggal, 0 Semi Permanen, 0 Gedung, 0 Gudang, 0 Kios/Ruko, 0 Lainnya",0,2,270,1000000000
202509,3,9,"KOTA ADM. JAKARTA PUSAT",GAMBIR,"KEBON KELAPA"," Jl. Ir. H. Juanda No.17, RT.14 RW.04",-6.166658259350713," 106.82745893132147","Kebocoran Gas","0 Rumah Tinggal, 0 Semi Permanen, 0 Gedung, 0 Gudang, 1 Kios/Ruko, 0 Lainnya",0,0,0,5000000
202509,3,9,"KOTA ADM. JAKARTA PUSAT",KEMAYORAN,KEMAYORAN,"Jln. Kepu Barat No. 26A Rt 012/02 Kel. Kemayoran, Kec. Kemayoran ",-6.163215830974694," 106.84312370495458","Korsleting Listrik","1 Rumah Tinggal, 0 Semi Permanen, 0 Gedung, 0 Gudang, 0 Kios/Ruko, 0 Lainnya",0,0,0,580000000
202509,3,9,"KOTA ADM. JAKARTA PUSAT",SENEN,SENEN,"Jl. Pasar Senen RT 010/02",-6.176298611404619," 106.84198665794783","Kebocoran Gas","0 Rumah Tinggal, 0 Semi Permanen, 0 Gedung, 0 Gudang, 1 Kios/Ruko, 0 Lainnya",0,0,0,100000000
202509,3,9,"KOTA ADM. JAKARTA PUSAT","CEMPAKA PUTIH","CEMPAKA PUTIH BARAT","Jl. Mardani Raya Gg. Bengkel, RT.05 RW.05",-6.181535293144192," 106.86138824274546","Korsleting Listrik","5 Rumah Tinggal, 0 Semi Permanen, 0 Gedung, 0 Gudang, 0 Kios/Ruko, 0 Lainnya",0,1,17,250000000
202509,3,9,"KOTA ADM. JAKARTA PUSAT",SENEN,KRAMAT,"Jl. Moh. Soleh I RT 4 RW 06",-6.18318392958648," 106.84669069639365","Korsleting Listrik","6 Rumah Tinggal, 0 Semi Permanen, 0 Gedung, 0 Gudang, 0 Kios/Ruko, 0 Lainnya",0,3,17,0
202509,3,9,"KOTA ADM. JAKARTA SELATAN",PANCORAN,PANCORAN,"Pancoran Barat VII, Gg. Tabah RT 008 RW 001 ",-6.2520516741668315," 106.83923531891313","Puntung Rokok","1 Rumah Tinggal, 0 Semi Permanen, 0 Gedung, 0 Gudang, 0 Kios/Ruko, 0 Lainnya",0,0,0,20000000
202509,3,9,"KOTA ADM. JAKARTA SELATAN",JAGAKARSA,JAGAKARSA,"Jl. Durian No.15, RT.002 RW.04",-6.321637823464332," 106.81407738650655",Gas,"0 Rumah Tinggal, 0 Semi Permanen, 0 Gedung, 0 Gudang, 1 Kios/Ruko, 0 Lainnya",0,0,0,10000000
202509,3,9,"KOTA ADM. JAKARTA SELATAN",JAGAKARSA,"SRENGSENG SAWAH","Jl. H. Shibi RT 007 RW 001",-6.348716859777158," 106.83510559696558","Korsleting Listrik","1 Rumah Tinggal, 0 Semi Permanen, 0 Gedung, 0 Gudang, 0 Kios/Ruko, 0 Lainnya",0,0,2,25000000
202509,3,9,"KOTA ADM. JAKARTA SELATAN","PASAR MINGGU","PEJATEN BARAT","Jl. Siaga Raya RT 019 RW 001",-6.267961796401753," 106.8378244527237",Gas,"1 Rumah Tinggal, 0 Semi Permanen, 0 Gedung, 0 Gudang, 2 Kios/Ruko, 0 Lainnya",0,0,0,15000000
202509,3,9,"KOTA ADM. JAKARTA SELATAN","KEBAYORAN BARU","GANDARIA UTARA","Jln. Margaguna 1 No 8A Rt 03/11",-6.2628882401649175," 106.78687280488404","Korsleting Listrik","1 Rumah Tinggal, 0 Semi Permanen, 0 Gedung, 0 Gudang, 0 Kios/Ruko, 0 Lainnya",0,0,0,407520000
202509,3,9,"KOTA ADM. JAKARTA SELATAN","PASAR MINGGU","CILANDAK TIMUR","Jl. Jeruk Purut RT.009 RW.003",-6.288159641835453," 106.81231365886251","Korsleting Listrik","3 Rumah Tinggal, 0 Semi Permanen, 0 Gedung, 0 Gudang, 0 Kios/Ruko, 0 Lainnya",0,0,0,100000000
202509,3,9,"KOTA ADM. JAKARTA SELATAN","KEBAYORAN LAMA","GROGOL UTARA","Jl. Tentara Pelajar, RT.4/RW.9",-6.223692250384956," 106.79018791227323","Korsleting Listrik","0 Rumah Tinggal, 0 Semi Permanen, 0 Gedung, 0 Gudang, 1 Kios/Ruko, 0 Lainnya",0,0,0,242400000
202509,3,9,"KOTA ADM. JAKARTA SELATAN",PESANGGRAHAN,ULUJAMI,"Gg. Langgar RT 002 RW 004",-6.241597076939218," 106.76231523556416","Korsleting Listrik","1 Rumah Tinggal, 0 Semi Permanen, 0 Gedung, 0 Gudang, 0 Kios/Ruko, 0 Lainnya",0,0,0,70000000
202509,3,9,"KOTA ADM. JAKARTA SELATAN",JAGAKARSA,"SRENGSENG SAWAH"," Jl. Raya Srengseng Sawah RT. 05 RW. 012",-6.344537745324863," 106.82813297782576","Korsleting Listrik","0 Rumah Tinggal, 0 Semi Permanen, 1 Gedung, 0 Gudang, 0 Kios/Ruko, 0 Lainnya",0,0,0,0
202509,3,9,"KOTA ADM. JAKARTA SELATAN","PASAR MINGGU","PEJATEN BARAT","Jl. Siaga Raya Komplek LAN RT 008 RW 005,",-6.275188915617314," 106.83949954351594","Sisa Bara tertiup Angin","1 Rumah Tinggal, 0 Semi Permanen, 0 Gedung, 0 Gudang, 0 Kios/Ruko, 0 Lainnya",0,0,0,20000000
202509,3,9,"KOTA ADM. JAKARTA SELATAN","MAMPANG PRAPATAN",BANGKA,"Jl. Kemang Raya RT 010 RW 002",-6.268420828315217," 106.81553758945226","Korsleting Listrik","0 Rumah Tinggal, 0 Semi Permanen, 0 Gedung, 0 Gudang, 1 Kios/Ruko, 0 Lainnya",0,0,0,5000000
202509,3,9,"KOTA ADM. JAKARTA SELATAN",JAGAKARSA,"LENTENG AGUNG","Jl. Lontar No 41 RT 10 RW 03",-6.325244502496787," 106.83880352818717","Korsleting Listrik","1 Rumah Tinggal, 0 Semi Permanen, 0 Gedung, 0 Gudang, 0 Kios/Ruko, 0 Lainnya",0,0,0,10000000
202509,3,9,"KOTA ADM. JAKARTA SELATAN",PANCORAN,KALIBATA,"Jl. Kalibata Utara 2 RT 007 RW 007",-6.259917570308256," 106.83649058954059","Korsleting Listrik","1 Rumah Tinggal, 0 Semi Permanen, 0 Gedung, 0 Gudang, 0 Kios/Ruko, 0 Lainnya",0,0,0,10000000
202509,3,9,"KOTA ADM. JAKARTA SELATAN",PESANGGRAHAN,BINTARO,"Jl. Rawa Papan Rt.13 Rw.06",-6.266750148881526," 106.75770795300141","Kebocoran Gas","1 Rumah Tinggal, 0 Semi Permanen, 0 Gedung, 0 Gudang, 0 Kios/Ruko, 0 Lainnya",0,2,0,100000000
202509,3,9,"KOTA ADM. JAKARTA SELATAN",CILANDAK,"CIPETE SELATAN","Jl. RS. Fatmawati Raya, RT.05 RW.04",-6.274942138036472," 106.79733620622062","Korsleting Listrik","0 Rumah Tinggal, 0 Semi Permanen, 0 Gedung, 1 Gudang, 8 Kios/Ruko, 0 Lainnya",0,1,0,3030000000
202509,3,9,"KOTA ADM. JAKARTA SELATAN","MAMPANG PRAPATAN",BANGKA,"Jln. Taman Kemang II No. D-9",-6.258131863916671," 106.81089639458065",Gas,"1 Rumah Tinggal, 0 Semi Permanen, 0 Gedung, 0 Gudang, 0 Kios/Ruko, 0 Lainnya",0,0,0,0
202509,3,9,"KOTA ADM. JAKARTA SELATAN","PASAR MINGGU",RAGUNAN,"Jl. Kair RT.03 RW.04",-6.302491628503576," 106.81669136182533","Korsleting Listrik","1 Rumah Tinggal, 0 Semi Permanen, 0 Gedung, 0 Gudang, 0 Kios/Ruko, 0 Lainnya",0,1,0,300000000
202509,3,9,"KOTA ADM. JAKARTA SELATAN",CILANDAK,"CILANDAK BARAT","Jl. Terogong Raya No.12 RT 005 RW 010",-6.280226674950299," 106.79483686987558","Minyak panas tersambar api","0 Rumah Tinggal, 0 Semi Permanen, 0 Gedung, 0 Gudang, 1 Kios/Ruko, 0 Lainnya",0,0,0,5000000
202509,3,9,"KOTA ADM. JAKARTA SELATAN","KEBAYORAN BARU","RAWA BARAT","Jl. Ciniru III No.13, RT.02 RW. 03",-6.235730910502469," 106.81235284350521","Korsleting Listrik","1 Rumah Tinggal, 0 Semi Permanen, 0 Gedung, 0 Gudang, 0 Kios/Ruko, 0 Lainnya",0,0,0,0
202509,3,9,"KOTA ADM. JAKARTA SELATAN",SETIABUDI,"KARET KUNINGAN","Jl. Pendurenan Masjid Raya No.10 RT 005 RW 004",-6.221300750483309," 106.82917954350094","Korsleting Listrik","2 Rumah Tinggal, 0 Semi Permanen, 0 Gedung, 0 Gudang, 0 Kios/Ruko, 0 Lainnya",0,2,50,1124000000
202509,3,9,"KOTA ADM. JAKARTA TIMUR",PULOGADUNG,"KAYU PUTIH","Jl. Pulomas Barat Daya, RT 12 RW. 09",-6.1819882596212565," 106.87954060922567",Gas,"0 Rumah Tinggal, 0 Semi Permanen, 0 Gedung, 0 Gudang, 0 Kios/Ruko, 0 Lainnya",0,0,0,500000
202509,3,9,"KOTA ADM. JAKARTA TIMUR","DUREN SAWIT","DUREN SAWIT","Jl. Swadaya Raya No. 10 RT.9 RW.1",-6.229781728400283," 106.91713671945138","Korsleting Listrik","1 Rumah Tinggal, 0 Semi Permanen, 0 Gedung, 0 Gudang, 0 Kios/Ruko, 0 Lainnya",0,0,0,17000000
202509,3,9,"KOTA ADM. JAKARTA TIMUR",CAKUNG,JATINEGARA,"Jl. Al-Kausar Raya Kampung Warudoyong RT 10 Rw 08",-6.210384624480983," 106.92421400987064","Pembakaran Sampah","0 Rumah Tinggal, 2 Semi Permanen, 0 Gedung, 0 Gudang, 0 Kios/Ruko, 0 Lainnya",0,0,0,10000000
202509,3,9,"KOTA ADM. JAKARTA TIMUR",CIRACAS,CIRACAS,"Jln. Pengantin Ali RT 009 RW 006",-6.32133439365674," 106.88325047923745",Gas,"0 Rumah Tinggal, 0 Semi Permanen, 0 Gedung, 0 Gudang, 1 Kios/Ruko, 0 Lainnya",0,0,0,150000000
202509,3,9,"KOTA ADM. JAKARTA TIMUR",CAKUNG,JATINEGARA,"Jl. Pulobuaran Raya No.1 (Kawasan Industri (Pulogadung)",-6.207078463868425," 106.9178865606392","mesin cerobong yang panasnya melebihi temperatur","0 Rumah Tinggal, 0 Semi Permanen, 1 Gedung, 0 Gudang, 0 Kios/Ruko, 0 Lainnya",0,11,0,6600000000
202509,3,9,"KOTA ADM. JAKARTA TIMUR","DUREN SAWIT","DUREN SAWIT","Jl. Swakarsa IV RT.03 RW.02",-6.2417868339415215," 106.94025095939257","Korsleting Listrik","1 Rumah Tinggal, 0 Semi Permanen, 0 Gedung, 0 Gudang, 0 Kios/Ruko, 0 Lainnya",0,0,0,5000000
202509,3,9,"KOTA ADM. JAKARTA TIMUR",JATINEGARA,"BIDARA CINA","Jl. Sensus, RT.01 RW.04 ( titik kenal Pasar Krenso )",-6.234272953973348," 106.868002935562",Kompor,"0 Rumah Tinggal, 0 Semi Permanen, 0 Gedung, 0 Gudang, 12 Kios/Ruko, 0 Lainnya",0,0,0,450000000
202509,3,9,"KOTA ADM. JAKARTA TIMUR",MATRAMAN,"UTAN KAYU SELATAN","Jl. Pisangan Baru Utara No.8 RT 013 RW 008",-6.2083513094145895," 106.8677299202119","Korsleting Listrik","0 Rumah Tinggal, 0 Semi Permanen, 0 Gedung, 0 Gudang, 1 Kios/Ruko, 0 Lainnya",0,0,0,500000000
202509,3,9,"KOTA ADM. JAKARTA TIMUR",CAKUNG,JATINEGARA,"Jl. Swadaya 4 RT 001 RW 005",-6.19578504663124," 106.92361341349284",Gas,"0 Rumah Tinggal, 0 Semi Permanen, 0 Gedung, 0 Gudang, 1 Kios/Ruko, 0 Lainnya",0,0,0,5000000
202509,3,9,"KOTA ADM. JAKARTA TIMUR",CAKUNG,"CAKUNG TIMUR","Jl. Cakung Timur RT.010/RW.02 ",-6.190871169841855," 106.94388999746415","Korsleting Listrik","1 Rumah Tinggal, 0 Semi Permanen, 0 Gedung, 0 Gudang, 0 Kios/Ruko, 0 Lainnya",0,0,0,200000000
202509,3,9,"KOTA ADM. JAKARTA TIMUR",MAKASAR,"KEBON PALA","Jl. Usman Harun No 60 RT 008 RW 005",-6.254849619900838," 106.87379138953894","Korsleting Listrik","0 Rumah Tinggal, 0 Semi Permanen, 0 Gedung, 1 Gudang, 0 Kios/Ruko, 0 Lainnya",0,0,0,5000000
202509,3,9,"KOTA ADM. JAKARTA TIMUR",CIPAYUNG,"PONDOK RANGGON","Jl. Bringin No.6, RT. 01 RW. 01",-6.34760938116159," 106.91546872024158",Gas,"0 Rumah Tinggal, 0 Semi Permanen, 0 Gedung, 0 Gudang, 0 Kios/Ruko, 0 Lainnya",0,0,0,500000
202509,3,9,"KOTA ADM. JAKARTA TIMUR",JATINEGARA,"CIPINANG BESAR SELATAN","Jl. Kampung Jembatan RW 001 RW 006",-6.22866522789348," 106.88072144987622","Korsleting Listrik","3 Rumah Tinggal, 1 Semi Permanen, 0 Gedung, 0 Gudang, 0 Kios/Ruko, 0 Lainnya",0,0,0,450000000
202509,3,9,"KOTA ADM. JAKARTA TIMUR","DUREN SAWIT","PONDOK KELAPA","Jl. Bojong Indah RT.07 RW. 06",-6.232741085414628," 106.92773189034938","Percikan Las","0 Rumah Tinggal, 0 Semi Permanen, 0 Gedung, 1 Gudang, 0 Kios/Ruko, 0 Lainnya",0,0,0,1000000000
202509,3,9,"KOTA ADM. JAKARTA TIMUR",CAKUNG,"CAKUNG TIMUR","Jl. Kayu Tinggi RT 012/009",-6.175056717334901," 106.94922363511277","Pembakaran Sampah","0 Rumah Tinggal, 0 Semi Permanen, 0 Gedung, 0 Gudang, 0 Kios/Ruko, 0 Lainnya",0,0,0,13000000
202509,3,9,"KOTA ADM. JAKARTA TIMUR",JATINEGARA,"CIPINANG MUARA","Jl. Cipinang Muara Raya RT 16 RW 03 No.10",-6.223040319760276," 106.89508341930339","Kebocoran Gas","0 Rumah Tinggal, 0 Semi Permanen, 0 Gedung, 0 Gudang, 1 Kios/Ruko, 0 Lainnya",0,0,0,7000000
202509,3,9,"KOTA ADM. JAKARTA TIMUR",CAKUNG,JATINEGARA,"Jl. Borobudur kav Tanah merah ( kav DPR) RT 06 RW 05",-6.206755701217236," 106.94006980702974",Dibakar,"1 Rumah Tinggal, 0 Semi Permanen, 0 Gedung, 0 Gudang, 0 Kios/Ruko, 0 Lainnya",0,2,0,30000000
202509,3,9,"KOTA ADM. JAKARTA TIMUR",CAKUNG,JATINEGARA,"Jl. B Rawa Badung RT 006 RW 013",-6.181301208238371," 106.95937568157586","Korsleting Listrik","0 Rumah Tinggal, 0 Semi Permanen, 0 Gedung, 0 Gudang, 0 Kios/Ruko, 0 Lainnya",0,0,0,50000000
202509,3,9,"KOTA ADM. JAKARTA UTARA",PENJARINGAN,PEJAGALAN,"Jl. Air Baja RT 006",-6.14186710129062," 106.77621436622191","Korsleting Listrik","0 Rumah Tinggal, 1 Semi Permanen, 0 Gedung, 0 Gudang, 0 Kios/Ruko, 0 Lainnya",0,0,0,0
202509,3,9,"KOTA ADM. JAKARTA UTARA","KELAPA GADING","KELAPA GADING BARAT","Jl. Prihatin No.66 - 67 RT 006 RW 002",-6.166176033419148," 106.88241804110439","Korsleting Listrik","2 Rumah Tinggal, 0 Semi Permanen, 0 Gedung, 0 Gudang, 0 Kios/Ruko, 0 Lainnya",0,0,0,2527500000
202509,3,9,"KOTA ADM. JAKARTA UTARA",CILINCING,"SEMPER TIMUR","Jl. Cakung Drainase RT.05 RW.11",-6.155553063411276," 106.93863158552547",Gas,"19 Rumah Tinggal, 0 Semi Permanen, 0 Gedung, 0 Gudang, 0 Kios/Ruko, 0 Lainnya",0,1,60,1400000000
202509,3,9,"KOTA ADM. JAKARTA UTARA",PENJARINGAN,PEJAGALAN,"Jl. Gang Pailin RT 002 RW 002",-6.138702268743201," 106.79366727187082","Korsleting Listrik","0 Rumah Tinggal, 0 Semi Permanen, 0 Gedung, 0 Gudang, 1 Kios/Ruko, 0 Lainnya",0,0,0,50000000
202509,3,9,"KOTA ADM. JAKARTA UTARA",CILINCING,"SEMPER BARAT","Jl. Kramat Jaya Raya No.1-B 89 RT 006 RW 013",-6.114487391546162," 106.91855364977553","Korsleting Listrik","1 Rumah Tinggal, 0 Semi Permanen, 0 Gedung, 0 Gudang, 0 Kios/Ruko, 0 Lainnya",0,0,0,25000000
202509,3,9,"KOTA ADM. JAKARTA UTARA","TANJUNG PRIOK",WARAKAS,"Jl. Warakas 6 Gang 21 No. 74A RT. 001. RW 012, ",-6.125894093849491," 106.87506831018612","Kebocoran Gas","0 Rumah Tinggal, 0 Semi Permanen, 0 Gedung, 0 Gudang, 1 Kios/Ruko, 0 Lainnya",0,1,0,10000000
202509,3,9,"KOTA ADM. JAKARTA UTARA",CILINCING,CILINCING,"Jl. Cakung Drainase RT 08 RW 009, Kel. Cilincing Kec. Cilincing",-6.099640328243934," 106.93906295872324","Korsleting Listrik","0 Rumah Tinggal, 2 Semi Permanen, 0 Gedung, 0 Gudang, 0 Kios/Ruko, 0 Lainnya",0,0,0,60000000
202509,3,9,"KOTA ADM. JAKARTA UTARA","KELAPA GADING","KELAPA GADING BARAT","Jl. Inspeksi Kali Sunter No. 7, RT. 06 RW. 04",-6.160525314643306," 106.88306814929672","Korsleting Listrik","1 Rumah Tinggal, 0 Semi Permanen, 0 Gedung, 0 Gudang, 0 Kios/Ruko, 0 Lainnya",0,0,0,0
202509,3,9,"KOTA ADM. JAKARTA UTARA",CILINCING,SUKAPURA,"Jl. Terusan Klp Hybrida RT 009 RW 001",-6.148853696132767," 106.91870475019543","Korsleting Listrik","0 Rumah Tinggal, 0 Semi Permanen, 0 Gedung, 0 Gudang, 1 Kios/Ruko, 0 Lainnya",0,0,0,0
202509,3,9,"KOTA ADM. JAKARTA UTARA","KELAPA GADING","KELAPA GADING TIMUR","Jl. Perintis Kemerdekaan Rt 003/ RW 06 no 92",-6.1749896374418," 106.89375423554553","Korsleting Listrik","0 Rumah Tinggal, 0 Semi Permanen, 0 Gedung, 0 Gudang, 1 Kios/Ruko, 0 Lainnya",0,0,0,10000000
202509,3,9,"KOTA ADM. JAKARTA UTARA","KELAPA GADING","KELAPA GADING BARAT"," Komplek Rukan Gading Bukit Indah Blok G 12 RW 015",-6.149396440595538," 106.89890479808447","Korsleting Listrik","0 Rumah Tinggal, 0 Semi Permanen, 0 Gedung, 0 Gudang, 1 Kios/Ruko, 0 Lainnya",0,0,0,10000000
202509,3,9,"KOTA ADM. JAKARTA UTARA",PENJARINGAN,PEJAGALAN,"Jl. Pluit Karya Karang 6 RT 07 RW 16",-6.140651131809517," 106.77582823857024","Korsleting Listrik","0 Rumah Tinggal, 12 Semi Permanen, 0 Gedung, 0 Gudang, 0 Kios/Ruko, 0 Lainnya",0,0,0,50000000
202509,3,9,"KOTA ADM. JAKARTA UTARA","KELAPA GADING","KELAPA GADING BARAT","Jl. Inspeksi Kali Sunter No.19 RT 010 RW 004, Kelapa Gading Barat, Kec. Kelapa Gading",-6.151318287905458," 106.88874603894627",Gas,"1 Rumah Tinggal, 0 Semi Permanen, 0 Gedung, 0 Gudang, 0 Kios/Ruko, 0 Lainnya",0,0,0,100000000
202509,3,9,"KOTA ADM. JAKARTA UTARA",CILINCING,ROROTAN,"Jl. Kampung Sepatan Rt 18 Rw 05 (Depan KBN Cakung) ",-6.1434450796763," 106.93928151313821","Pembakaran Sampah","0 Rumah Tinggal, 3 Semi Permanen, 0 Gedung, 0 Gudang, 0 Kios/Ruko, 0 Lainnya",0,0,0,7000000
202603,1,1,"KOTA ADM. JAKARTA BARAT","PAL MERAH",JATIPULO,"JL. TOMANG PULO GG 3 RT 016 RW 006",-6.178117679681337," 106.80808697886029","KORSLETING LISTRIK","1 RUMAH TINGGAL, 0 SEMI PERMANEN, 0 GEDUNG, 0 GUDANG, 0 KIOS/RUKO, 0 LAINNYA",0,0,0,5000000
202603,1,1,"KOTA ADM. JAKARTA BARAT","PAL MERAH","KOTA BAMBU SELATAN","JL. KOTA BAMBU SELATAN NO.1, RT.01/RW.08",-6.184792397233126," 106.80008503554838",GAS,"1 RUMAH TINGGAL, 0 SEMI PERMANEN, 0 GEDUNG, 0 GUDANG, 1 KIOS/RUKO, 0 LAINNYA",0,0,0,100000000
202603,1,1,"KOTA ADM. JAKARTA BARAT","KEBON JERUK","KEBON JERUK","JL. H SALMAN RT. 02/RW. 03",-6.197822322090876," 106.77649656698858","KORSLETING LISTRIK","1 RUMAH TINGGAL, 0 SEMI PERMANEN, 0 GEDUNG, 0 GUDANG, 0 KIOS/RUKO, 0 LAINNYA",0,0,0,90000000
202603,1,1,"KOTA ADM. JAKARTA BARAT",KALIDERES,"TEGAL ALUR","JL. KOMP. KEBERSIHAN MENCENG DPU TEGAL ALUR RT.1 RW.4",-6.127607180787235," 106.71954942281033","KORSLETING LISTRIK","1 RUMAH TINGGAL, 0 SEMI PERMANEN, 0 GEDUNG, 0 GUDANG, 0 KIOS/RUKO, 0 LAINNYA",0,0,0,7000000
202603,1,1,"KOTA ADM. JAKARTA BARAT","KEBON JERUK","KEBON JERUK","JL. KEBON JERUK RAYA RT 04 RW 02",-6.196728238268478," 106.77350641226596","KORSLETING LISTRIK","1 RUMAH TINGGAL, 0 SEMI PERMANEN, 0 GEDUNG, 0 GUDANG, 0 KIOS/RUKO, 0 LAINNYA",0,0,0,0
202603,1,1,"KOTA ADM. JAKARTA BARAT","KEBON JERUK","KEDOYA UTARA","JL. PESING BENDUNGAN, RT.14 RW.06",-6.174342268036619," 106.75460769140457","KORSLETING LISTRIK","1 RUMAH TINGGAL, 0 SEMI PERMANEN, 0 GEDUNG, 0 GUDANG, 0 KIOS/RUKO, 0 LAINNYA",0,0,0,50000000
202603,1,1,"KOTA ADM. JAKARTA BARAT","GROGOL PETAMBURAN",JELAMBAR,"JLN JELAMBAR BARU III NO. 42 RT. 014 RW. 07",-6.155850283343162," 106.78868229420193",GAS,"1 RUMAH TINGGAL, 0 SEMI PERMANEN, 0 GEDUNG, 0 GUDANG, 0 KIOS/RUKO, 0 LAINNYA",0,1,0,100000000
202603,1,1,"KOTA ADM. JAKARTA BARAT",TAMBORA,"JEMBATAN BESI","JL. DURI BANGKIT RT. 008 RW. 009",-6.153324203908694," 106.79998158156823","KORSLETING LISTRIK","14 RUMAH TINGGAL, 0 SEMI PERMANEN, 0 GEDUNG, 0 GUDANG, 0 KIOS/RUKO, 0 LAINNYA",0,0,150,1700000000
202603,1,1,"KOTA ADM. JAKARTA BARAT",CENGKARENG,"CENGKARENG TIMUR","JLN. PEDONGKELAN RT 003 RW 014",-6.140447340949278," 106.73949815912394","KORSLETING LISTRIK","3 RUMAH TINGGAL, 1 SEMI PERMANEN, 0 GEDUNG, 0 GUDANG, 3 KIOS/RUKO, 0 LAINNYA",0,0,0,600000000
202603,1,1,"KOTA ADM. JAKARTA BARAT","GROGOL PETAMBURAN",TOMANG,"JL. MANDALA RAYA NO.10 RT 001 RW 002",-6.175961939743282," 106.79931610162603","KORSLETING LISTRIK","1 RUMAH TINGGAL, 0 SEMI PERMANEN, 0 GEDUNG, 0 GUDANG, 0 KIOS/RUKO, 0 LAINNYA",0,0,0,320000000
202603,1,1,"KOTA ADM. JAKARTA BARAT",KALIDERES,PEGADUNGAN,"JL. 20 DESEMBER RT.002 RW.03",-6.131612018685759," 106.70815577416168",GAS,"1 RUMAH TINGGAL, 0 SEMI PERMANEN, 0 GEDUNG, 0 GUDANG, 0 KIOS/RUKO, 0 LAINNYA",0,0,0,2000000
202603,1,1,"KOTA ADM. JAKARTA BARAT",TAMBORA,PEKOJAN,"JL. JEMBATAN ITEM PEKOJAN III RT.09/RW.07 NO.17",-6.14025057045866," 106.8005908048501",GAS,"1 RUMAH TINGGAL, 0 SEMI PERMANEN, 0 GEDUNG, 0 GUDANG, 0 KIOS/RUKO, 0 LAINNYA",0,7,0,140000000
202603,1,1,"KOTA ADM. JAKARTA BARAT",KEMBANGAN,"MERUYA SELATAN","JL. BUNGA II NO. RT.3/RW.5, KEL. MERUYA SELATAN, KEC. KEMBANGAN, KOTA JAKARTA BARAT",-6.212648886042125," 106.72800477605553","KORSLETING LISTRIK","1 RUMAH TINGGAL, 0 SEMI PERMANEN, 0 GEDUNG, 0 GUDANG, 0 KIOS/RUKO, 0 LAINNYA",0,0,0,20000000
202603,1,1,"KOTA ADM. JAKARTA BARAT",TAMBORA,"JEMBATAN LIMA","JL.SAWAH LIO, NO. 04, RT005/RW008",-6.145811453531844," 106.80439066622334","KORSLETING LISTRIK","1 RUMAH TINGGAL, 0 SEMI PERMANEN, 0 GEDUNG, 0 GUDANG, 0 KIOS/RUKO, 0 LAINNYA",0,0,0,300000000
202603,1,1,"KOTA ADM. JAKARTA BARAT","PAL MERAH","KOTA BAMBU UTARA","JL.  KBU 2 GG. SENGGOL RT 11 RW 06",-6.195576866580388," 106.80229022835199","KORSLETING LISTRIK","1 RUMAH TINGGAL, 0 SEMI PERMANEN, 0 GEDUNG, 0 GUDANG, 0 KIOS/RUKO, 0 LAINNYA",0,0,0,10000000
202603,1,1,"KOTA ADM. JAKARTA BARAT","GROGOL PETAMBURAN",GROGOL,"JLN. RAWA BAHAGIA VII, RT.08 / RW. 02",-6.164346958612013," 106.79848647870865","KORSLETING LISTRIK","1 RUMAH TINGGAL, 0 SEMI PERMANEN, 0 GEDUNG, 0 GUDANG, 0 KIOS/RUKO, 0 LAINNYA",0,0,0,0
202603,1,1,"KOTA ADM. JAKARTA PUSAT","TANAH ABANG",GELORA,"JL. PINTU SENAYAN 1",-6.221790477888022," 106.80150755225223","KORSLETING LISTRIK","0 RUMAH TINGGAL, 0 SEMI PERMANEN, 1 GEDUNG, 0 GUDANG, 0 KIOS/RUKO, 0 LAINNYA",0,0,0,5000000
202603,1,1,"KOTA ADM. JAKARTA PUSAT",MENTENG,CIKINI,"JL. CIKINI RAYA 103-107, RT.10/RW.4",-6.1946664000023315," 106.84000640486525","KORSLETING LISTRIK","0 RUMAH TINGGAL, 0 SEMI PERMANEN, 1 GEDUNG, 0 GUDANG, 0 KIOS/RUKO, 0 LAINNYA",0,0,0,0
202603,1,1,"KOTA ADM. JAKARTA PUSAT","TANAH ABANG","KEBON MELATI","JL. KH MAS MANSYUR RT.005/RW.013",-6.197427016988246," 106.81433694965513","KORSLETING LISTRIK","1 RUMAH TINGGAL, 0 SEMI PERMANEN, 0 GEDUNG, 0 GUDANG, 0 KIOS/RUKO, 0 LAINNYA",0,0,0,1000000
202603,1,1,"KOTA ADM. JAKARTA PUSAT",MENTENG,PEGANGSAAN,"JL. TAMBAK NO. 33A RT 03 RW 04 ",-6.204333201883016," 106.84898991281082","PUNTUNG ROKOK","0 RUMAH TINGGAL, 0 SEMI PERMANEN, 0 GEDUNG, 0 GUDANG, 1 KIOS/RUKO, 0 LAINNYA",0,0,0,5000000
202603,1,1,"KOTA ADM. JAKARTA PUSAT",MENTENG,CIKINI,"JL. CISADANE R, RT. 03/RW. 04, KEL. CIKINI, KEC. MENTENG",-6.19511517733668," 106.84305106812722","KORSLETING LISTRIK","1 RUMAH TINGGAL, 0 SEMI PERMANEN, 0 GEDUNG, 0 GUDANG, 0 KIOS/RUKO, 0 LAINNYA",0,0,0,300000000
202603,1,1,"KOTA ADM. JAKARTA PUSAT",KEMAYORAN,"UTAN PANJANG","JL. UTAN PANJANG III NO.7 A RT 014 RW 006",-6.164794222737855," 106.85383041279991","KORSLETING LISTRIK","1 RUMAH TINGGAL, 0 SEMI PERMANEN, 0 GEDUNG, 0 GUDANG, 0 KIOS/RUKO, 0 LAINNYA",0,0,0,5000000
202603,1,1,"KOTA ADM. JAKARTA PUSAT",SENEN,KWITANG,"JLN. KRAMAT KWITANG III NO 184A RT 08/06 TITIK KENAL POM BENSIN KRAMAT",-6.184248503835738," 106.84388944267586","KORSLETING LISTRIK","1 RUMAH TINGGAL, 0 SEMI PERMANEN, 0 GEDUNG, 0 GUDANG, 0 KIOS/RUKO, 0 LAINNYA",0,0,0,0
202603,1,1,"KOTA ADM. JAKARTA PUSAT","SAWAH BESAR","MANGGA DUA SELATAN","JL. MANGGA BESAR XIII RT 5 RW 02",-6.144833185801389," 106.82642851005609","KORSLETING LISTRIK","0 RUMAH TINGGAL, 0 SEMI PERMANEN, 0 GEDUNG, 0 GUDANG, 1 KIOS/RUKO, 0 LAINNYA",0,0,0,0
202603,1,1,"KOTA ADM. JAKARTA PUSAT","SAWAH BESAR","PASAR BARU","JL. KREKOT BUNDER RAYA RT 03 RW 06 ",-6.160059523640813," 106.8322152252675",GAS,"0 RUMAH TINGGAL, 0 SEMI PERMANEN, 0 GEDUNG, 0 GUDANG, 1 KIOS/RUKO, 0 LAINNYA",0,1,0,2000000
202603,1,1,"KOTA ADM. JAKARTA PUSAT","CEMPAKA PUTIH","CEMPAKA PUTIH TIMUR","JLN. CEMPAKA PUTIH TENGAH NO 11A RT.5/RW.12",-6.188527478671876," 106.86922055381942","KORSLETING LISTRIK","0 RUMAH TINGGAL, 0 SEMI PERMANEN, 0 GEDUNG, 0 GUDANG, 1 KIOS/RUKO, 0 LAINNYA",0,0,0,300000
202603,1,1,"KOTA ADM. JAKARTA PUSAT",MENTENG,MENTENG,"JL. PANGERAN DIPONEGORO NO.45, RT.15/RW.5",-6.20097362555217," 106.83973144487382","KORSLETING LISTRIK","0 RUMAH TINGGAL, 0 SEMI PERMANEN, 1 GEDUNG, 0 GUDANG, 0 KIOS/RUKO, 0 LAINNYA",0,0,0,0
202603,1,1,"KOTA ADM. JAKARTA PUSAT",KEMAYORAN,"KEBON KOSONG","JL. KEBON KOSONG XI, RT 009/ RW 02",-6.1662791314117325," 106.84848181534284","KORSLETING LISTRIK","1 RUMAH TINGGAL, 0 SEMI PERMANEN, 0 GEDUNG, 0 GUDANG, 0 KIOS/RUKO, 0 LAINNYA",0,0,0,500000
202603,1,1,"KOTA ADM. JAKARTA PUSAT",GAMBIR,CIDENG,"JL. KAMPUNG BAKTI RT 006 RW 007",-6.170017692273859," 106.80403248314698","KORSLETING LISTRIK","1 RUMAH TINGGAL, 0 SEMI PERMANEN, 0 GEDUNG, 0 GUDANG, 0 KIOS/RUKO, 0 LAINNYA",0,0,0,0
202603,1,1,"KOTA ADM. JAKARTA SELATAN",JAGAKARSA,"TANJUNG BARAT","JLN.TERATAI XIV 6-8, RT.3/RW.2",-6.1611," 106.8105","KORSLETING LISTRIK","1 RUMAH TINGGAL, 0 SEMI PERMANEN, 0 GEDUNG, 0 GUDANG, 0 KIOS/RUKO, 0 LAINNYA",1,0,0,1069740000
202603,1,1,"KOTA ADM. JAKARTA SELATAN",TEBET,"TEBET TIMUR","JL. TEBET TIMUR IV  NO.21 , RT.006/RW.08",-6.238485892904464," 106.85381678159192","KORSLETING LISTRIK","1 RUMAH TINGGAL, 0 SEMI PERMANEN, 0 GEDUNG, 0 GUDANG, 0 KIOS/RUKO, 0 LAINNYA",0,0,0,0
202603,1,1,"KOTA ADM. JAKARTA SELATAN",JAGAKARSA,CIPEDAK,"JL. TIMBUL III 33 A DAN 33 B RT 008 RW 004",-6.3511663025348355," 106.80363371412392","KORSLETING LISTRIK","2 RUMAH TINGGAL, 0 SEMI PERMANEN, 0 GEDUNG, 0 GUDANG, 0 KIOS/RUKO, 0 LAINNYA",0,0,0,50000000
202603,1,1,"KOTA ADM. JAKARTA SELATAN",PESANGGRAHAN,"PETUKANGAN UTARA","JL. MESJID DARUL FALAH GG BECENG  D 4 RT. 05 RW.10",-6.2346000207923575," 106.75136145225243","TUNGKU PEMBAKARAN","0 RUMAH TINGGAL, 0 SEMI PERMANEN, 0 GEDUNG, 0 GUDANG, 0 KIOS/RUKO, 0 LAINNYA",0,0,0,950000000
202603,1,1,"KOTA ADM. JAKARTA SELATAN","MAMPANG PRAPATAN","MAMPANG PRAPATAN","JL. MAMPANG 2, RT 06, RW. 07",-6.244074867690121," 106.82869211752354","KORSLETING LISTRIK","1 RUMAH TINGGAL, 0 SEMI PERMANEN, 0 GEDUNG, 0 GUDANG, 0 KIOS/RUKO, 0 LAINNYA",0,0,0,50000000
202603,1,1,"KOTA ADM. JAKARTA SELATAN",JAGAKARSA,"LENTENG AGUNG","JL. WARU RT. 014 RW. 002,",-6.314405613717505," 106.83861002024139","KORSLETING LISTRIK","1 RUMAH TINGGAL, 0 SEMI PERMANEN, 0 GEDUNG, 0 GUDANG, 0 KIOS/RUKO, 0 LAINNYA",0,0,0,10000000
202603,1,1,"KOTA ADM. JAKARTA SELATAN","PASAR MINGGU","PASAR MINGGU","JL. A KOMPLEK RAWA BAMBU I NO. 8E RT.10 RW.06",-6.290275015499742," 106.84217712817751","KORSLETING LISTRIK AC","0 RUMAH TINGGAL, 0 SEMI PERMANEN, 1 GEDUNG, 0 GUDANG, 0 KIOS/RUKO, 0 LAINNYA",0,0,0,2053436000
202603,1,1,"KOTA ADM. JAKARTA SELATAN",JAGAKARSA,"LENTENG AGUNG","JL. KELAPA TIGA RT.006 RW.004 ",-6.327093325105263," 106.82935739960566","KORSLETING LISTRIK","0 RUMAH TINGGAL, 0 SEMI PERMANEN, 0 GEDUNG, 0 GUDANG, 1 KIOS/RUKO, 0 LAINNYA",0,0,0,50000000
202603,1,1,"KOTA ADM. JAKARTA SELATAN",PANCORAN,KALIBATA,"JL. BUNCIT RAYA RT.005/RW.05",-6.260189672097349," 106.8395706034287","PERCIKAN API DARI MOTOR YANG DI SERVICE","0 RUMAH TINGGAL, 0 SEMI PERMANEN, 0 GEDUNG, 0 GUDANG, 0 KIOS/RUKO, 0 LAINNYA",0,1,0,20000000
202603,1,1,"KOTA ADM. JAKARTA SELATAN","KEBAYORAN LAMA","KEBAYORAN LAMA SELATAN","JL. JATAYU 2 NO.23, RT 002 RW 003",-6.1439647626350675," 106.78842497416561","KORSLETING LISTRIK","1 RUMAH TINGGAL, 0 SEMI PERMANEN, 0 GEDUNG, 0 GUDANG, 0 KIOS/RUKO, 0 LAINNYA",0,0,0,10000000
202603,1,1,"KOTA ADM. JAKARTA TIMUR",CIRACAS,CIBUBUR,"PERUM BUKIT PERMAI CIBUBUR, JL. KAWI, RT. 002/RW. 011",-6.354971763533193," 106.88545705860166",GAS,"1 RUMAH TINGGAL, 0 SEMI PERMANEN, 0 GEDUNG, 0 GUDANG, 0 KIOS/RUKO, 0 LAINNYA",0,1,0,10000000
202603,1,1,"KOTA ADM. JAKARTA TIMUR",CAKUNG,PENGGILINGAN,"JL. KEBON ANGGREK I BLOK LA 5, RT 003 RW 013",-6.209417711166231," 106.933505057518","KORSLETING LISTRIK","1 RUMAH TINGGAL, 0 SEMI PERMANEN, 0 GEDUNG, 0 GUDANG, 0 KIOS/RUKO, 0 LAINNYA",0,0,0,15000000
202603,1,1,"KOTA ADM. JAKARTA TIMUR",JATINEGARA,"CIPINANG MUARA","JLN. CIPINANG MUARA PEMBINAAN 1 NO. 2 RT 003 RW 002",-6.226616684893277," 106.88615264015348","KORSLETING LISTRIK","4 RUMAH TINGGAL, 0 SEMI PERMANEN, 0 GEDUNG, 0 GUDANG, 0 KIOS/RUKO, 0 LAINNYA",0,0,0,500000000
202603,1,1,"KOTA ADM. JAKARTA TIMUR",MATRAMAN,"KAYU MANIS","JL. KAYU MANIS 4 RT. 05 RW. 04 NO. 21 ",-6.201193940543331," 106.86297636389163","KORSLETING LISTRIK","1 RUMAH TINGGAL, 0 SEMI PERMANEN, 0 GEDUNG, 0 GUDANG, 0 KIOS/RUKO, 0 LAINNYA",0,0,0,5000000
202603,1,1,"KOTA ADM. JAKARTA TIMUR",PULOGADUNG,RAWAMANGUN,"JL.  H. TEN RAYA RT006 RW003 NO.60 ",-6.189035852197145," 106.87940828341965","BAKAR BAKAR","0 RUMAH TINGGAL, 0 SEMI PERMANEN, 0 GEDUNG, 1 GUDANG, 0 KIOS/RUKO, 0 LAINNYA",0,0,0,5000000
202603,1,1,"KOTA ADM. JAKARTA TIMUR",MAKASAR,"KEBON PALA","JL. UDAYANA, RT.002/RW.03",-6.262180673314698," 106.87363395225276","KORSLETING LISTRIK","0 RUMAH TINGGAL, 0 SEMI PERMANEN, 0 GEDUNG, 1 GUDANG, 0 KIOS/RUKO, 0 LAINNYA",0,0,0,5000000
202603,1,1,"KOTA ADM. JAKARTA TIMUR",CAKUNG,JATINEGARA,"JL. ISMAIL RT.15 RW.03 ",-6.202494121518891," 106.90814408972054","KORSLETING LISTRIK","2 RUMAH TINGGAL, 0 SEMI PERMANEN, 0 GEDUNG, 0 GUDANG, 0 KIOS/RUKO, 0 LAINNYA",0,0,0,60000000
202603,1,1,"KOTA ADM. JAKARTA TIMUR",JATINEGARA,"CIPINANG MUARA","JL. LAKSAMANA MALAHAYATI NO. B 28 RT. 05 RW. 07",-6.239098379712417," 106.88732632522984","KORSLETING LISTRIK","0 RUMAH TINGGAL, 0 SEMI PERMANEN, 0 GEDUNG, 0 GUDANG, 1 KIOS/RUKO, 0 LAINNYA",0,0,0,80000000
202603,1,1,"KOTA ADM. JAKARTA TIMUR",CAKUNG,PENGGILINGAN,"JL.  RAYA PENGGILINGAN KOMPLEK PIK CLOK E RT.009/RW.010",-6.199571313762806," 106.93543839692387","KORSLETING LISTRIK","0 RUMAH TINGGAL, 0 SEMI PERMANEN, 0 GEDUNG, 0 GUDANG, 1 KIOS/RUKO, 0 LAINNYA",0,0,0,10000000
202603,1,1,"KOTA ADM. JAKARTA TIMUR",PULOGADUNG,"PISANGAN TIMUR","JL. RAYA GADING RAYA 1, RT.02 RW.13",-6.1895978687972955," 106.87646184650846","KORSLETING LISTRIK","1 RUMAH TINGGAL, 0 SEMI PERMANEN, 0 GEDUNG, 0 GUDANG, 0 KIOS/RUKO, 0 LAINNYA",0,0,0,20000000
202603,1,1,"KOTA ADM. JAKARTA TIMUR","DUREN SAWIT",KLENDER,"JL. BUARAN II RT 07/13 NO.12",-6.218534699427358," 106.92382436210481","KORSLETING LISTRIK","1 RUMAH TINGGAL, 0 SEMI PERMANEN, 0 GEDUNG, 0 GUDANG, 0 KIOS/RUKO, 0 LAINNYA",0,0,0,10000000
202603,1,1,"KOTA ADM. JAKARTA TIMUR",MATRAMAN,"PISANGAN BARU","JL. PISANGAN BARU 2, RT. 05/RW. 07",-6.21217957070929," 106.86934869747012","KORSLETING LISTRIK","2 RUMAH TINGGAL, 0 SEMI PERMANEN, 0 GEDUNG, 0 GUDANG, 0 KIOS/RUKO, 0 LAINNYA",0,0,0,30000000
202603,1,1,"KOTA ADM. JAKARTA TIMUR",KRAMATJATI,"BATU AMPAR","JL. RAYA CONDET RT 013/ RW 03 ",-6.278909232120853," 106.85532776296185","KORSLETING LISTRIK","0 RUMAH TINGGAL, 0 SEMI PERMANEN, 0 GEDUNG, 0 GUDANG, 0 KIOS/RUKO, 0 LAINNYA",0,0,0,100000000
202603,1,1,"KOTA ADM. JAKARTA UTARA",KOJA,"RAWA BADAK UTARA","JLN.  F RAYA GG. K, RT 001/02 NO.24-25, KEL. RAWA BADAK UTARA, KEC. KOJA",-6.117697990231278," 106.90340329199738","KORSLETING LISTRIK","0 RUMAH TINGGAL, 0 SEMI PERMANEN, 0 GEDUNG, 0 GUDANG, 1 KIOS/RUKO, 0 LAINNYA",0,0,0,500000000
202603,1,1,"KOTA ADM. JAKARTA UTARA","TANJUNG PRIOK","TANJUNG PRIOK","JL. TAMAN STASIUN, TERMINAL RT.06 RW.08 ",-6.109014969979864," 106.88509118374326","KORSLETING LISTRIK","0 RUMAH TINGGAL, 0 SEMI PERMANEN, 0 GEDUNG, 0 GUDANG, 1 KIOS/RUKO, 0 LAINNYA",0,0,0,1000000
202603,1,1,"KOTA ADM. JAKARTA UTARA",CILINCING,KALIBARU,"JL. KAWASAN TRUCK NO.15, RT. 009 RW. 012",-6.107816554208885," 106.92094782493596","KORSLETING LISTRIK","4 RUMAH TINGGAL, 0 SEMI PERMANEN, 0 GEDUNG, 1 GUDANG, 0 KIOS/RUKO, 0 LAINNYA",0,0,0,500000000
202603,1,1,"KOTA ADM. JAKARTA UTARA",PADEMANGAN,"PADEMANGAN TIMUR","JL. PADEMANGAN V RT 05 RW 08 ",-6.1392087596288185," 106.83935149457899","KORSLETING LISTRIK","1 RUMAH TINGGAL, 6 SEMI PERMANEN, 0 GEDUNG, 0 GUDANG, 0 KIOS/RUKO, 0 LAINNYA",0,0,18,168000000
202603,1,1,"KOTA ADM. JAKARTA UTARA",PADEMANGAN,"PADEMANGAN BARAT","JL. BUDI MULIA (AMPERA VII), RT 016, RW 007",-6.13190981786057," 106.83957188950515","KORSLETING LISTRIK","0 RUMAH TINGGAL, 0 SEMI PERMANEN, 0 GEDUNG, 0 GUDANG, 1 KIOS/RUKO, 0 LAINNYA",0,0,0,30000000
202603,1,1,"KOTA ADM. JAKARTA UTARA","TANJUNG PRIOK","KEBON BAWANG","JL. SWASEMBADA BARAT NO.25 RT 008 RW 11",-6.115908348899676," 106.88747589744338","KORSLETING LISTRIK","1 RUMAH TINGGAL, 0 SEMI PERMANEN, 0 GEDUNG, 0 GUDANG, 0 KIOS/RUKO, 0 LAINNYA",0,0,0,500000000
202603,1,1,"KOTA ADM. JAKARTA UTARA",CILINCING,"SEMPER BARAT","JL. ANANTA 4 RT.11 RW.2 ",-6.132401158275358," 106.92410238156252","KORSLETING LISTRIK","1 RUMAH TINGGAL, 0 SEMI PERMANEN, 0 GEDUNG, 0 GUDANG, 0 KIOS/RUKO, 0 LAINNYA",0,0,8,0
202603,1,2,"KOTA ADM. JAKARTA BARAT",TAMBORA,"DURI UTARA","JL. KRENDANG RAYA NO.5 A RT 01 RW 01",-6.15121991726287," 106.80583473690713",GAS,"0 RUMAH TINGGAL, 0 SEMI PERMANEN, 0 GEDUNG, 0 GUDANG, 1 KIOS/RUKO, 0 LAINNYA",0,0,0,4000000
202603,1,2,"KOTA ADM. JAKARTA BARAT",TAMBORA,KRENDANG,"JLN. KRENDANG UTARA NO.04, RT.1/RW.3",-6.14792521561381," 106.80521578108711","KEBOCORAN GAS","0 RUMAH TINGGAL, 0 SEMI PERMANEN, 0 GEDUNG, 0 GUDANG, 1 KIOS/RUKO, 0 LAINNYA",0,1,0,10000000
202603,1,2,"KOTA ADM. JAKARTA BARAT",CENGKARENG,"CENGKARENG TIMUR","JL. SAN LORENZO BOULEVARD, PERUMAHAN GOLF RESIDENCE, RT.001 / RW.008",-6.12738430221413," 106.7316276668692","KORSLETING LISTRIK","1 RUMAH TINGGAL, 0 SEMI PERMANEN, 0 GEDUNG, 0 GUDANG, 0 KIOS/RUKO, 0 LAINNYA",0,3,0,0
202603,1,2,"KOTA ADM. JAKARTA BARAT",KEMBANGAN,"KEMBANGAN UTARA","JL. KYAI HASIM RT. 007 RW. 001",-6.18013929768941," 106.73168093505527","KORSLETING LISTRIK","3 RUMAH TINGGAL, 0 SEMI PERMANEN, 0 GEDUNG, 0 GUDANG, 0 KIOS/RUKO, 0 LAINNYA",0,0,0,20000000
202603,1,2,"KOTA ADM. JAKARTA BARAT",TAMBORA,PEKOJAN,"JLN. PEJAGALAN RAYA NO. 85 D, RT.9/RW.4",-6.136772312391699," 106.80745501622093","KELALAIAN MANUSIA","0 RUMAH TINGGAL, 0 SEMI PERMANEN, 0 GEDUNG, 0 GUDANG, 1 KIOS/RUKO, 0 LAINNYA",0,0,0,15000000
202603,1,2,"KOTA ADM. JAKARTA BARAT",KEMBANGAN,SRENGSENG,"JL. SRENGSENG RAYA, RT 03/06",-6.210315842208228," 106.75915391144179","KORSLETING LISTRIK","0 RUMAH TINGGAL, 1 SEMI PERMANEN, 0 GEDUNG, 0 GUDANG, 0 KIOS/RUKO, 0 LAINNYA",0,0,0,400000
202603,1,2,"KOTA ADM. JAKARTA BARAT","KEBON JERUK","DURI KEPA","JL. GUJI BARU RT.004 RW.002",-6.183434479353344," 106.7798688267597","KORSLETING LISTRIK","1 RUMAH TINGGAL, 6 SEMI PERMANEN, 0 GEDUNG, 0 GUDANG, 0 KIOS/RUKO, 0 LAINNYA",0,0,10,500000000
202603,1,2,"KOTA ADM. JAKARTA BARAT","KEBON JERUK","DURI KEPA","JL. DAAN MOGOT NO. 121N BLOK NM RT. 006 RW. 05",-6.164600490387431," 106.77830406759543","KORSLETING LISTRIK","0 RUMAH TINGGAL, 0 SEMI PERMANEN, 0 GEDUNG, 0 GUDANG, 1 KIOS/RUKO, 0 LAINNYA",0,0,0,5000000
202603,1,2,"KOTA ADM. JAKARTA BARAT",KEMBANGAN,"KEMBANGAN SELATAN","JL. BUGIS UTAMA, RT. 04 RW. 03",-6.180034266621413," 106.74841029021066","KORSLETING LISTRIK","1 RUMAH TINGGAL, 0 SEMI PERMANEN, 0 GEDUNG, 0 GUDANG, 0 KIOS/RUKO, 0 LAINNYA",0,0,0,50000000
202603,1,2,"KOTA ADM. JAKARTA BARAT",KEMBANGAN,"MERUYA UTARA","JL. H. BRIT RT. 005 RW. 010",-6.20099494045499," 106.72424447923574","DIDUGA ADA KEBOCORAN GAS DARI MESIN PENGERING LAUNDRY","1 RUMAH TINGGAL, 0 SEMI PERMANEN, 0 GEDUNG, 0 GUDANG, 0 KIOS/RUKO, 0 LAINNYA",0,0,0,17000000
202603,1,2,"KOTA ADM. JAKARTA BARAT","KEBON JERUK","DURI KEPA","JL. PATRA TOMANG II NO. 35 RT.008 RW.008",-6.180105893796009," 106.7783353945795",GAS,"1 RUMAH TINGGAL, 0 SEMI PERMANEN, 0 GEDUNG, 0 GUDANG, 0 KIOS/RUKO, 0 LAINNYA",0,0,0,500000
202603,1,2,"KOTA ADM. JAKARTA PUSAT","SAWAH BESAR","GUNUNG SAHARI UTARA","JL. RAJAWALI SELATAN, RT. 002 RW. 006",-6.145477690024928," 106.84010844416683","KORSLETING LISTRIK","1 RUMAH TINGGAL, 0 SEMI PERMANEN, 0 GEDUNG, 0 GUDANG, 0 KIOS/RUKO, 0 LAINNYA",2,0,0,0
202603,1,2,"KOTA ADM. JAKARTA PUSAT","SAWAH BESAR","PASAR BARU","JLN. TAMAN WIJAYA KUSUMA (MASJID ISTIQLAL)",-6.167684782004163," 106.83111204526644","MALFUNGSI KOMPONEN LISTRIK PADA SISTEM DAYA CADANGAN ( UPS )","0 RUMAH TINGGAL, 0 SEMI PERMANEN, 0 GEDUNG, 0 GUDANG, 0 KIOS/RUKO, 0 LAINNYA",0,0,0,60000000
202603,1,2,"KOTA ADM. JAKARTA PUSAT",KEMAYORAN,"GUNUNG SAHARI SELATAN","JL. KRAN V NO.10 RT 11/RW 05",-6.1591541219400225," 106.84356359457915","KORSLETING LISTRIK","1 RUMAH TINGGAL, 0 SEMI PERMANEN, 0 GEDUNG, 0 GUDANG, 0 KIOS/RUKO, 0 LAINNYA",0,0,0,30000000
202603,1,2,"KOTA ADM. JAKARTA PUSAT",MENTENG,"KEBON SIRIH","JL. KH. WAHID HASYIM NO.3 RT 012 RW 009",-6.184579632344879," 106.83324737923562","KORSLETING LISTRIK","0 RUMAH TINGGAL, 0 SEMI PERMANEN, 1 GEDUNG, 0 GUDANG, 0 KIOS/RUKO, 0 LAINNYA",0,0,0,5000000
202603,1,2,"KOTA ADM. JAKARTA PUSAT",KEMAYORAN,"GUNUNG SAHARI SELATAN","JL. KRAN IV RT. 09/RW. 05",-6.159101860723725," 106.84584383690715","KORSLETING LISTRIK","1 RUMAH TINGGAL, 0 SEMI PERMANEN, 0 GEDUNG, 0 GUDANG, 0 KIOS/RUKO, 0 LAINNYA",0,0,0,2500000
202603,1,2,"KOTA ADM. JAKARTA PUSAT",KEMAYORAN,"KEBON KOSONG","JL. SWADAYA  NO 14 RT08/06",-6.15873653179069," 106.85499578220958","KORSLETING LISTRIK","1 RUMAH TINGGAL, 0 SEMI PERMANEN, 0 GEDUNG, 0 GUDANG, 0 KIOS/RUKO, 0 LAINNYA",0,0,0,100000000
202603,1,2,"KOTA ADM. JAKARTA PUSAT",SENEN,KENARI,"JLN. KENARI II RT 004 RW 003",-6.193385737078533," 106.84623255225183",N.A.,"0 RUMAH TINGGAL, 0 SEMI PERMANEN, 0 GEDUNG, 0 GUDANG, 1 KIOS/RUKO, 0 LAINNYA",0,0,0,5000000
202603,1,2,"KOTA ADM. JAKARTA SELATAN","KEBAYORAN LAMA","PONDOK PINANG","JL. TAMAN HIJAU 07, RT.10 RW.17",-6.276224303113461," 106.77611222341699","PANEL LISTRIK","1 RUMAH TINGGAL, 0 SEMI PERMANEN, 0 GEDUNG, 0 GUDANG, 0 KIOS/RUKO, 0 LAINNYA",0,0,0,15000000
202603,1,2,"KOTA ADM. JAKARTA SELATAN","KEBAYORAN BARU","GANDARIA UTARA","JL. H. RAYA NO. 71 RT.08 RW.02",-6.262121108469962," 106.79121293690872","KEBOCORAN TABUNG GAS","0 RUMAH TINGGAL, 0 SEMI PERMANEN, 0 GEDUNG, 0 GUDANG, 1 KIOS/RUKO, 0 LAINNYA",0,2,0,4000000
202603,1,2,"KOTA ADM. JAKARTA SELATAN","KEBAYORAN BARU","KRAMAT PELA","JL. GANDARIA TENGAH 1 NO 4 RT. 06/01",-6.243802429150044," 106.79021543690847","KORSLETING LISTRIK","1 RUMAH TINGGAL, 0 SEMI PERMANEN, 0 GEDUNG, 0 GUDANG, 0 KIOS/RUKO, 0 LAINNYA",0,0,0,20000000
202603,1,2,"KOTA ADM. JAKARTA SELATAN",CILANDAK,"GANDARIA SELATAN","JLN. MARGAGUNA III NO.13, RT.002/RW.01",-6.262980360388212," 106.78442378464257","KORSLETING LISTRIK","1 RUMAH TINGGAL, 0 SEMI PERMANEN, 0 GEDUNG, 0 GUDANG, 0 KIOS/RUKO, 0 LAINNYA",0,0,0,8000000
202603,1,2,"KOTA ADM. JAKARTA SELATAN",PESANGGRAHAN,"PETUKANGAN SELATAN","JL. BHAKTI NO.33 RT 004 RW 003",-6.241219115067639," 106.75659270807226","PUNTUNG ROKOK","1 RUMAH TINGGAL, 0 SEMI PERMANEN, 0 GEDUNG, 0 GUDANG, 0 KIOS/RUKO, 0 LAINNYA",0,0,0,5000000
202603,1,2,"KOTA ADM. JAKARTA SELATAN","PASAR MINGGU","PEJATEN BARAT","JL. AYUB GG F RT 011 RW 001 NO.21",-6.230284284418288," 106.86849738108835","SENGAJA DIBAKAR KARENA PERSELISIHAN","1 RUMAH TINGGAL, 0 SEMI PERMANEN, 0 GEDUNG, 0 GUDANG, 0 KIOS/RUKO, 0 LAINNYA",0,0,0,30000000
202603,1,2,"KOTA ADM. JAKARTA SELATAN",PESANGGRAHAN,BINTARO,"JL. GG. HAJI LEMAN 2 RT 02 RW 011",-6.272448772363344," 106.76362053690882",GAS,"1 RUMAH TINGGAL, 0 SEMI PERMANEN, 0 GEDUNG, 0 GUDANG, 0 KIOS/RUKO, 0 LAINNYA",0,0,0,5000000
202603,1,2,"KOTA ADM. JAKARTA SELATAN","PASAR MINGGU",KEBAGUSAN,"JL. KEBAGUSAN RAYA 53-57, RT.01 RW.07",-6.311478400377823," 106.82579698108954","KORSLETING LISTRIK","0 RUMAH TINGGAL, 0 SEMI PERMANEN, 0 GEDUNG, 1 GUDANG, 0 KIOS/RUKO, 0 LAINNYA",0,0,0,0
202603,1,2,"KOTA ADM. JAKARTA SELATAN","MAMPANG PRAPATAN","PELA MAMPANG","JL. BANGKA III, RT. 14/RW. 2",-6.245804164413537," 106.81584866932096","KORSLETING LISTRIK","16 RUMAH TINGGAL, 0 SEMI PERMANEN, 0 GEDUNG, 0 GUDANG, 0 KIOS/RUKO, 0 LAINNYA",0,4,50,8000000000
202603,1,2,"KOTA ADM. JAKARTA TIMUR","DUREN SAWIT","DUREN SAWIT","JL. MADRASAH II 1-28 RT009/RW10",-6.22295039093651," 106.9210407234163","KORSLETING LISTRIK","0 RUMAH TINGGAL, 0 SEMI PERMANEN, 0 GEDUNG, 0 GUDANG, 1 KIOS/RUKO, 0 LAINNYA",0,0,0,10000000
202603,1,2,"KOTA ADM. JAKARTA TIMUR",CAKUNG,JATINEGARA,"JL. KRT RADJIMAN WIDYODININGRAT RT 003 RW 014",-6.200090346813136," 106.92233979418428",GAS,"0 RUMAH TINGGAL, 0 SEMI PERMANEN, 0 GEDUNG, 0 GUDANG, 1 KIOS/RUKO, 0 LAINNYA",0,5,0,0
202603,1,2,"KOTA ADM. JAKARTA TIMUR",KRAMATJATI,"BATU AMPAR","JL. BATU AMPAR 2 NO. 27 RT. 08 RW. 03",-6.287149812230986," 106.8585080355768","KORSLETING LISTRIK","0 RUMAH TINGGAL, 0 SEMI PERMANEN, 0 GEDUNG, 0 GUDANG, 1 KIOS/RUKO, 0 LAINNYA",0,0,0,700000
202603,1,2,"KOTA ADM. JAKARTA TIMUR",PULOGADUNG,RAWAMANGUN,"JL. KAYU JATI 5 RT 010 RW 005",-6.191398698724293," 106.88632362341573","KORSLETING LISTRIK","1 RUMAH TINGGAL, 0 SEMI PERMANEN, 0 GEDUNG, 0 GUDANG, 0 KIOS/RUKO, 0 LAINNYA",0,0,0,10000000
202603,1,2,"KOTA ADM. JAKARTA TIMUR",MAKASAR,"HALIM PERDANA KUSUMA","JL.  KOMODOR HALIM RT.007/RW.07",-6.2661683210331205," 106.88377172022813",GAS,"1 RUMAH TINGGAL, 0 SEMI PERMANEN, 0 GEDUNG, 0 GUDANG, 0 KIOS/RUKO, 0 LAINNYA",0,0,0,250000
202603,1,2,"KOTA ADM. JAKARTA TIMUR",CAKUNG,"CAKUNG BARAT","JL. SEDAYU CITY KELAPA GADING, RT. 01 RW. 09",-6.168162559682686," 106.9201762136279","KORSLETING LISTRIK","1 RUMAH TINGGAL, 0 SEMI PERMANEN, 0 GEDUNG, 0 GUDANG, 0 KIOS/RUKO, 0 LAINNYA",0,0,0,30000000
202603,1,2,"KOTA ADM. JAKARTA TIMUR","DUREN SAWIT","DUREN SAWIT","JL. BUARAN RAYA NO.11 RT 002 RW 015",-6.220393250530253," 106.92100662750521","KORSLETING LISTRIK","0 RUMAH TINGGAL, 0 SEMI PERMANEN, 0 GEDUNG, 0 GUDANG, 1 KIOS/RUKO, 0 LAINNYA",0,0,0,15000000
202603,1,2,"KOTA ADM. JAKARTA TIMUR",CAKUNG,JATINEGARA,"JL. DR. RADJIMAN WIDYODININGRAT RT 10 RW 06",-6.199605700706436," 106.92216209272755","KORSLETING LISTRIK","0 RUMAH TINGGAL, 0 SEMI PERMANEN, 0 GEDUNG, 0 GUDANG, 0 KIOS/RUKO, 0 LAINNYA",0,1,0,10000000
202603,1,2,"KOTA ADM. JAKARTA TIMUR",CIPAYUNG,CIPAYUNG,"JL. CLUSTER GRIYA SETU RT. 01 RW. 04 ",-6.32759602719224," 106.900781281571","DUPA RUANG SEMBAYANG","1 RUMAH TINGGAL, 0 SEMI PERMANEN, 0 GEDUNG, 0 GUDANG, 0 KIOS/RUKO, 0 LAINNYA",0,0,0,7000000
202603,1,2,"KOTA ADM. JAKARTA TIMUR",CAKUNG,"CAKUNG BARAT","JL. TIPAR CAKUNG, RT.04 RW.09",-6.153601172389996," 106.92850162019685","KORSLETING LISTRIK","0 RUMAH TINGGAL, 0 SEMI PERMANEN, 0 GEDUNG, 0 GUDANG, 2 KIOS/RUKO, 0 LAINNYA",0,0,0,100000000
202603,1,2,"KOTA ADM. JAKARTA TIMUR","DUREN SAWIT","DUREN SAWIT","JLN. PERUMAHAN PTB, BLOK P6/18 RT. 12 RW. 08",-6.225431400767823," 106.91359797760164",GAS,"1 RUMAH TINGGAL, 0 SEMI PERMANEN, 0 GEDUNG, 0 GUDANG, 0 KIOS/RUKO, 0 LAINNYA",0,1,0,200000000
202603,1,2,"KOTA ADM. JAKARTA TIMUR",CAKUNG,"CAKUNG TIMUR","JL. TAMAN PULOGEBANG RT 08 RW 13",-6.1872739323826735," 106.94838269643178","PERCIKAN API DARI KEGIATAN NGELAS","0 RUMAH TINGGAL, 0 SEMI PERMANEN, 1 GEDUNG, 0 GUDANG, 0 KIOS/RUKO, 0 LAINNYA",0,0,0,5000000
202603,1,2,"KOTA ADM. JAKARTA TIMUR","DUREN SAWIT",KLENDER,"JL. PAHLAWAN REVOLUSI ,  RT.09/RW.03",-6.21682401528962," 106.90017108650657","KORSLETING LISTRIK","0 RUMAH TINGGAL, 0 SEMI PERMANEN, 0 GEDUNG, 0 GUDANG, 1 KIOS/RUKO, 0 LAINNYA",0,0,0,0
202603,1,2,"KOTA ADM. JAKARTA UTARA","TANJUNG PRIOK","KEBON BAWANG","JL. SWASEMBADA TIMUR 11 RT 12 RW 10 ",-6.124748902840951," 106.88980709298977",GAS,"0 RUMAH TINGGAL, 0 SEMI PERMANEN, 0 GEDUNG, 0 GUDANG, 1 KIOS/RUKO, 0 LAINNYA",0,0,0,10000000
202603,1,2,"KOTA ADM. JAKARTA UTARA",PENJARINGAN,PLUIT,"JL. PLUIT RAYA KARANG BARAT RT 001 RW 002",-6.1611," 106.8105","API LAS KARBIT","0 RUMAH TINGGAL, 0 SEMI PERMANEN, 0 GEDUNG, 0 GUDANG, 0 KIOS/RUKO, 0 LAINNYA",0,0,0,100000000
202603,1,2,"KOTA ADM. JAKARTA UTARA","TANJUNG PRIOK",PAPANGGO,"JL. PAPANGGO RAYA RT 02/01,",-6.126295272368791," 106.8803351387589","KORSLETING LISTRIK","0 RUMAH TINGGAL, 0 SEMI PERMANEN, 0 GEDUNG, 0 GUDANG, 1 KIOS/RUKO, 0 LAINNYA",0,0,0,0
202603,1,2,"KOTA ADM. JAKARTA UTARA","TANJUNG PRIOK","SUNTER JAYA","JL. SUNTER MAS TIMUR A BLOK P8 NO RUMAH 12A8 RT.20 RW.08",-6.1558400553200485," 106.87437563690713","KORSLETING LISTRIK","1 RUMAH TINGGAL, 0 SEMI PERMANEN, 0 GEDUNG, 0 GUDANG, 0 KIOS/RUKO, 0 LAINNYA",0,0,0,2000000
202603,1,2,"KOTA ADM. JAKARTA UTARA",PADEMANGAN,ANCOL,"JL. KRAPU NO.7 RT008 RW 001",-6.126875523160862," 106.81077758464804","KORSLETING LISTRIK","2 RUMAH TINGGAL, 0 SEMI PERMANEN, 0 GEDUNG, 0 GUDANG, 0 KIOS/RUKO, 0 LAINNYA",0,0,0,500000000
202603,1,2,"KOTA ADM. JAKARTA UTARA",KOJA,LAGOA,"JL. CEMARA NO.53, RT.001 RW.016",-6.115987299674342," 106.91495953690661","KORSLETING LISTRIK","1 RUMAH TINGGAL, 0 SEMI PERMANEN, 0 GEDUNG, 0 GUDANG, 0 KIOS/RUKO, 0 LAINNYA",0,0,0,10000000
202603,1,2,"KOTA ADM. JAKARTA UTARA",PENJARINGAN,PEJAGALAN,"JLN. KP GUSTI RT.04 RW.15",-6.141559448700295," 106.77811912897161","KORSLETING LISTRIK","14 RUMAH TINGGAL, 0 SEMI PERMANEN, 0 GEDUNG, 0 GUDANG, 0 KIOS/RUKO, 0 LAINNYA",0,0,88,500000000
202603,1,2,"KOTA ADM. JAKARTA UTARA",PENJARINGAN,"KAMAL MUARA","JL. KAPUK KAMAL MUARA RT. 01 RW. 03 EX PT JAYA ROYAL SMART TEKNOLOGI",-6.119100139743705," 106.72926383843152","PERCIKAN LAS DARI PEMBONGKARAN MESIN GENSET YG RUSAK","0 RUMAH TINGGAL, 0 SEMI PERMANEN, 0 GEDUNG, 1 GUDANG, 0 KIOS/RUKO, 0 LAINNYA",0,0,0,150000000
202603,1,2,"KOTA ADM. JAKARTA UTARA",PENJARINGAN,"KAMAL MUARA","JL. PANTAI INDAH KAPUK BOULEVARD, RT.6/RW.2",-6.102035060779962," 106.7406348927262","KEBOCORAN GAS","0 RUMAH TINGGAL, 0 SEMI PERMANEN, 1 GEDUNG, 0 GUDANG, 0 KIOS/RUKO, 0 LAINNYA",0,0,0,500000
202603,1,2,"KOTA ADM. JAKARTA UTARA",KOJA,LAGOA,"JL. LAGOA TRS GG. IV BLOK C2  NO. 36, RT. 08 RW.03 ",-6.110422629029995," 106.91371035225059","KORSLETING LISTRIK","1 RUMAH TINGGAL, 0 SEMI PERMANEN, 0 GEDUNG, 0 GUDANG, 0 KIOS/RUKO, 0 LAINNYA",0,0,0,1000000
202603,1,2,"KOTA ADM. JAKARTA UTARA",PADEMANGAN,ANCOL,"JL. MANGGA DUA RAYA RT.11 RW.05 KEL. ANCOL, KEC. PADEMANGAN ( RUKO BLOK C12A)",-6.134782967944595," 106.82696332375289","KORSLETING LISTRIK","0 RUMAH TINGGAL, 0 SEMI PERMANEN, 0 GEDUNG, 3 GUDANG, 1 KIOS/RUKO, 0 LAINNYA",0,0,0,500000000
202603,1,2,"KOTA ADM. JAKARTA UTARA",CILINCING,SUKAPURA,"JL. TIPAR CAKUNG RT. 002 RW. 006",-6.154273286787639," 106.92848026759536","KORSLETING LISTRIK","0 RUMAH TINGGAL, 3 SEMI PERMANEN, 0 GEDUNG, 0 GUDANG, 0 KIOS/RUKO, 0 LAINNYA",0,0,0,65000000
202603,1,3,"KOTA ADM. JAKARTA BARAT",KALIDERES,"TEGAL ALUR","JL. KAYU BESAR 10 NO. 12 BLOK D1 RT. 003 RW.002",-6.109557972529164," 106.71445140161359","KORSLETING LISTRIK","0 RUMAH TINGGAL, 0 SEMI PERMANEN, 0 GEDUNG, 1 GUDANG, 0 KIOS/RUKO, 0 LAINNYA",0,0,0,500000
202603,1,3,"KOTA ADM. JAKARTA BARAT",KALIDERES,"TEGAL ALUR","JL. KAMAL RAYA NO 45, RT.12 & RT.15 RW.09",-6.109660744976851," 106.71235323949873","KORSLETING LISTRIK","0 RUMAH TINGGAL, 11 SEMI PERMANEN, 0 GEDUNG, 0 GUDANG, 0 KIOS/RUKO, 0 LAINNYA",0,1,0,1500000000
202603,1,3,"KOTA ADM. JAKARTA BARAT",KEMBANGAN,"KEMBANGAN SELATAN","JL. KENCANA INDAH I BLOK. K7 NO. 01 E, F, G RT. 11/RW 07",-6.19014366230731," 106.74468138140966","KORSLETING LISTRIK","0 RUMAH TINGGAL, 0 SEMI PERMANEN, 0 GEDUNG, 0 GUDANG, 3 KIOS/RUKO, 0 LAINNYA",0,3,0,1276800000
202603,1,3,"KOTA ADM. JAKARTA BARAT","KEBON JERUK","SUKABUMI UTARA","JL. RAYA BANG PITUNG RT 005 RW 001",-6.212158601868694," 106.78047002698368","KORSLETING LISTRIK","0 RUMAH TINGGAL, 0 SEMI PERMANEN, 0 GEDUNG, 0 GUDANG, 1 KIOS/RUKO, 0 LAINNYA",0,1,0,500000000
202603,1,3,"KOTA ADM. JAKARTA BARAT",TAMBORA,"TANAH SEREAL","JL. TANAH SEREAL 13 RT 10 DAN RT 11 RW 09 ",-6.154440773792554," 106.81014143553996","KORSLETING MESIN KONVEKSI","15 RUMAH TINGGAL, 0 SEMI PERMANEN, 0 GEDUNG, 0 GUDANG, 2 KIOS/RUKO, 0 LAINNYA",0,6,206,15000000000
202603,1,3,"KOTA ADM. JAKARTA BARAT",KEMBANGAN,"MERUYA UTARA","JL. KEMBANG KEREP RT.07 RW.02",-6.195427277289083," 106.7439521575625","KORSLETING LISTRIK","1 RUMAH TINGGAL, 0 SEMI PERMANEN, 0 GEDUNG, 0 GUDANG, 0 KIOS/RUKO, 0 LAINNYA",0,1,0,1500000000
202603,1,3,"KOTA ADM. JAKARTA BARAT",CENGKARENG,"RAWA BUAYA","JLN. BOJONG RAYA NO.5, RT.013/RW.004",-6.169274732509531," 106.73385045213767",PETASAN,"0 RUMAH TINGGAL, 0 SEMI PERMANEN, 0 GEDUNG, 1 GUDANG, 0 KIOS/RUKO, 0 LAINNYA",0,0,0,1500000000
202603,1,3,"KOTA ADM. JAKARTA BARAT",KEMBANGAN,"KEMBANGAN UTARA","JL. KEMBANGAN RAYA NO. 9, RT. 003/001",-6.184497299568309," 106.73437036749031","KORSLETING LISTRIK","1 RUMAH TINGGAL, 0 SEMI PERMANEN, 0 GEDUNG, 0 GUDANG, 0 KIOS/RUKO, 0 LAINNYA",0,0,0,500000
202603,1,3,"KOTA ADM. JAKARTA BARAT",KALIDERES,KALIDERES,"JLN. UTAN JATI NO.42 10, RT.010/RW.014",-6.144025582927393," 106.70421301737785","KORSLETING LISTRIK","0 RUMAH TINGGAL, 0 SEMI PERMANEN, 0 GEDUNG, 0 GUDANG, 0 KIOS/RUKO, 0 LAINNYA",0,0,0,0
202603,1,3,"KOTA ADM. JAKARTA BARAT",KALIDERES,PEGADUNGAN,"JL. PERMATA TAMAN PALEM NO.18-19 BLOK D9 RT 003 RW 003",-6.130547198807007," 106.70892026118563","KORSLETING LISTRIK","1 RUMAH TINGGAL, 0 SEMI PERMANEN, 0 GEDUNG, 0 GUDANG, 3 KIOS/RUKO, 0 LAINNYA",0,0,0,300000000
202603,1,3,"KOTA ADM. JAKARTA BARAT",CENGKARENG,"CENGKARENG TIMUR","JL.  H. LENGKONG RT 02 RW 014",-6.1406601581487195," 106.7385768524302","API BERASAL DARI PEMANAS UBI","0 RUMAH TINGGAL, 0 SEMI PERMANEN, 0 GEDUNG, 0 GUDANG, 4 KIOS/RUKO, 0 LAINNYA",0,0,0,60000000
202603,1,3,"KOTA ADM. JAKARTA BARAT",CENGKARENG,"CENGKARENG TIMUR","JL. RUSUN BUDHA TZU TZI RT 001 RW 017",-6.109488754373807," 106.73609305419785","KORSLETING LISTRIK","1 RUMAH TINGGAL, 0 SEMI PERMANEN, 0 GEDUNG, 0 GUDANG, 0 KIOS/RUKO, 0 LAINNYA",0,0,0,10000000
202603,1,3,"KOTA ADM. JAKARTA BARAT",TAMBORA,"JEMBATAN BESI","JLN. JEMBATAN BESI II, RT. 04 / RW.04",-6.150534113405474," 106.80070507487373","KORSLETING LISTRIK","1 RUMAH TINGGAL, 0 SEMI PERMANEN, 0 GEDUNG, 0 GUDANG, 0 KIOS/RUKO, 0 LAINNYA",0,0,0,0
202603,1,3,"KOTA ADM. JAKARTA BARAT","GROGOL PETAMBURAN",JELAMBAR,"JL. JELAMBAR MADYA 1 RT.006  RW. 010",-6.157400311046922," 106.78511562814067","KORSLETING LISTRIK","1 RUMAH TINGGAL, 0 SEMI PERMANEN, 0 GEDUNG, 0 GUDANG, 0 KIOS/RUKO, 0 LAINNYA",0,1,0,5000000
202603,1,3,"KOTA ADM. JAKARTA BARAT",CENGKARENG,"CENGKARENG TIMUR","JL. FELICIUM II NO. 1 RT. 014 RW. 014",-6.128630440776411," 106.73751801278989","KORSLETING LISTRIK","0 RUMAH TINGGAL, 0 SEMI PERMANEN, 0 GEDUNG, 0 GUDANG, 0 KIOS/RUKO, 0 LAINNYA",0,0,0,400000000
202603,1,3,"KOTA ADM. JAKARTA BARAT",KALIDERES,"TEGAL ALUR","JL. KAMAL RAYA GG. SADUN RT 013 RW 009",-6.104973351739804," 106.71034046676243","PEMBAKARAN SAMPAH","1 RUMAH TINGGAL, 0 SEMI PERMANEN, 0 GEDUNG, 0 GUDANG, 0 KIOS/RUKO, 0 LAINNYA",0,0,0,0
202603,1,3,"KOTA ADM. JAKARTA BARAT",KALIDERES,KAMAL,"JL. KAMPUNG BELAKANG RT 010 RW 003 ",-6.0992502710911065," 106.70348276515507","KORSLETING LISTRIK","0 RUMAH TINGGAL, 0 SEMI PERMANEN, 0 GEDUNG, 1 GUDANG, 0 KIOS/RUKO, 0 LAINNYA",0,0,0,20000000
202603,1,3,"KOTA ADM. JAKARTA PUSAT","TANAH ABANG","BENDUNGAN HILIR","JL. BAHARI II NO. 13  RT.07 RW.03",-6.210080175459491," 106.81012519817207","KORSLETING LISTRIK","1 RUMAH TINGGAL, 0 SEMI PERMANEN, 0 GEDUNG, 0 GUDANG, 0 KIOS/RUKO, 0 LAINNYA",1,0,0,100000000
202603,1,3,"KOTA ADM. JAKARTA PUSAT","CEMPAKA PUTIH","CEMPAKA PUTIH TIMUR","JL. RAWASARI SELATAN RT 016 RW 002",-6.185421500832042," 106.8733834058779","KORSLETING LISTRIK","0 RUMAH TINGGAL, 0 SEMI PERMANEN, 0 GEDUNG, 0 GUDANG, 1 KIOS/RUKO, 0 LAINNYA",0,0,0,5000000
202603,1,3,"KOTA ADM. JAKARTA PUSAT",SENEN,BUNGUR,"JL. KALIBARU TIMUR V NO. 65, RT.007/RW.002",-6.170333234435459," 106.84856556803382",GAS,"0 RUMAH TINGGAL, 0 SEMI PERMANEN, 0 GEDUNG, 0 GUDANG, 1 KIOS/RUKO, 0 LAINNYA",0,2,0,200000000
202603,1,3,"KOTA ADM. JAKARTA PUSAT","SAWAH BESAR","KARANG ANYAR","JL. DWIWARNA NO.17 RT. 015 RW. 009 ",-6.149715187423946," 106.82959268276772","KORSLETING LISTRIK","1 RUMAH TINGGAL, 0 SEMI PERMANEN, 0 GEDUNG, 0 GUDANG, 0 KIOS/RUKO, 0 LAINNYA",0,0,0,20000000
202603,1,3,"KOTA ADM. JAKARTA PUSAT",KEMAYORAN,"HARAPAN MULIA","JL. HARAPAN MULYA VIII , RT 11 RW.5",-6.169389698998911," 106.85583958951537","KORSLETING LISTRIK","1 RUMAH TINGGAL, 0 SEMI PERMANEN, 0 GEDUNG, 0 GUDANG, 0 KIOS/RUKO, 0 LAINNYA",0,0,0,50000000
202603,1,3,"KOTA ADM. JAKARTA PUSAT","TANAH ABANG","KAMPUNG BALI","JL. JATIBARU X RUKO BLOK. F RT. 05 RW. 01",-6.187954698755369," 106.8123758472386","KORSLETING LISTRIK","0 RUMAH TINGGAL, 0 SEMI PERMANEN, 0 GEDUNG, 0 GUDANG, 1 KIOS/RUKO, 0 LAINNYA",0,0,0,15000000
202603,1,3,"KOTA ADM. JAKARTA PUSAT",MENTENG,PEGANGSAAN,"JL. CIKINI AMPUNI RT.015 RW.01 NO. 22A",-6.191589110010051," 106.83859030854957",GAS,"0 RUMAH TINGGAL, 0 SEMI PERMANEN, 0 GEDUNG, 0 GUDANG, 0 KIOS/RUKO, 0 LAINNYA",0,1,0,1000000
202603,1,3,"KOTA ADM. JAKARTA PUSAT","SAWAH BESAR","GUNUNG SAHARI UTARA","JL. RAJAWALI SELATAN 2 RT. 09 RW.02",-6.143895706314219," 106.83892824449416","KORSLETING LISTRIK","0 RUMAH TINGGAL, 0 SEMI PERMANEN, 0 GEDUNG, 1 GUDANG, 0 KIOS/RUKO, 0 LAINNYA",0,0,0,100000000
202603,1,3,"KOTA ADM. JAKARTA SELATAN",CILANDAK,"LEBAK BULUS","JLN. MAWAR INDAH NO. 75, RT.8/RW.2",-6.2958920821772315," 106.77149537420772","KORSLETING LISTRIK","4 RUMAH TINGGAL, 0 SEMI PERMANEN, 0 GEDUNG, 0 GUDANG, 0 KIOS/RUKO, 0 LAINNYA",0,0,15,404400000
202603,1,3,"KOTA ADM. JAKARTA SELATAN",SETIABUDI,"MENTENG ATAS","JL. DR. SAHARJO NO.96A 1, RT.001 RW.007",-6.217174449675845," 106.84452341349342","KORSLETING LISTRIK","0 RUMAH TINGGAL, 0 SEMI PERMANEN, 1 GEDUNG, 0 GUDANG, 0 KIOS/RUKO, 0 LAINNYA",0,0,0,181800000
202603,1,3,"KOTA ADM. JAKARTA SELATAN",PESANGGRAHAN,BINTARO,"JL. MAWAR 3 RT. 004 RW. 005",-6.282491256916054," 106.76526596302914","KORSLETING LISTRIK","1 RUMAH TINGGAL, 0 SEMI PERMANEN, 0 GEDUNG, 0 GUDANG, 0 KIOS/RUKO, 0 LAINNYA",0,0,0,5000000
202603,1,3,"KOTA ADM. JAKARTA SELATAN","KEBAYORAN BARU","CIPETE UTARA","JL. DAMAI RAYA NO. 3A, RT. 001/RW.01",-6.259491166842194," 106.79689258214032","KORSLETING LISTRIK","1 RUMAH TINGGAL, 0 SEMI PERMANEN, 0 GEDUNG, 0 GUDANG, 0 KIOS/RUKO, 0 LAINNYA",0,0,0,400000000
202603,1,3,"KOTA ADM. JAKARTA SELATAN","MAMPANG PRAPATAN","KUNINGAN BARAT","JL. KUNINGAN BARAT 1 RT. 005 RW. 001",-6.240466263584683," 106.82041311543293","KORSLETING LISTRIK","6 RUMAH TINGGAL, 0 SEMI PERMANEN, 0 GEDUNG, 0 GUDANG, 0 KIOS/RUKO, 0 LAINNYA",0,4,24,1406000000
202603,1,3,"KOTA ADM. JAKARTA SELATAN",CILANDAK,"GANDARIA SELATAN","JL. MARGAGUNA RAYA RT 01 RW 01",-6.261712139977694," 106.78571702816969","KORSLETING LISTRIK","0 RUMAH TINGGAL, 0 SEMI PERMANEN, 0 GEDUNG, 0 GUDANG, 1 KIOS/RUKO, 0 LAINNYA",0,0,0,10000000
202603,1,3,"KOTA ADM. JAKARTA SELATAN","KEBAYORAN LAMA","PONDOK PINANG","JLN. NIAGA HIJAU RAYA NO.69, RT.5/RW.17",-6.27393879027544," 106.77326235398054","KORSLETING LISTRIK","1 RUMAH TINGGAL, 0 SEMI PERMANEN, 0 GEDUNG, 0 GUDANG, 0 KIOS/RUKO, 0 LAINNYA",0,0,0,4584500000
202603,1,3,"KOTA ADM. JAKARTA SELATAN",CILANDAK,"CILANDAK BARAT","JL. ANYELIR NO. B39 / 40, RT.01/RW.0",-6.2833296063389215," 106.80752709531905","KORSLETING LISTRIK","1 RUMAH TINGGAL, 0 SEMI PERMANEN, 0 GEDUNG, 0 GUDANG, 0 KIOS/RUKO, 0 LAINNYA",0,0,0,100000000
202603,1,3,"KOTA ADM. JAKARTA SELATAN",CILANDAK,"LEBAK BULUS","JL H. BAUN RT.001 RW.001",-6.296114875777023," 106.77304668676076",PETASAN,"0 RUMAH TINGGAL, 1 SEMI PERMANEN, 0 GEDUNG, 0 GUDANG, 0 KIOS/RUKO, 0 LAINNYA",0,0,0,1500000
202603,1,3,"KOTA ADM. JAKARTA SELATAN",TEBET,MANGGARAI,"JL. MANGGARAI SELATAN II NO. 173, RT. 016 / RW. 010",-6.216122000347562," 106.85508482122816",GAS,"0 RUMAH TINGGAL, 0 SEMI PERMANEN, 0 GEDUNG, 0 GUDANG, 2 KIOS/RUKO, 0 LAINNYA",0,1,0,80000000
202603,1,3,"KOTA ADM. JAKARTA SELATAN",SETIABUDI,KARET,"JL TELADAN, GG. PERINTIS RT. 17/02",-6.2129214954827425," 106.82508606225898","KORSLETING LISTRIK","4 RUMAH TINGGAL, 0 SEMI PERMANEN, 0 GEDUNG, 0 GUDANG, 0 KIOS/RUKO, 0 LAINNYA",0,1,0,0
202603,1,3,"KOTA ADM. JAKARTA SELATAN",JAGAKARSA,CIGANJUR,"JL. KOPO 1 RT. 004 RW. 005",-6.343523850927024," 106.80657470165767","TABUNG GAS","1 RUMAH TINGGAL, 0 SEMI PERMANEN, 0 GEDUNG, 0 GUDANG, 0 KIOS/RUKO, 0 LAINNYA",0,2,0,1000000
202603,1,3,"KOTA ADM. JAKARTA SELATAN",PESANGGRAHAN,BINTARO,"JL. BINTARO PERMAI IV RT. 013 DAN RT. 006 RW. 009 ",-6.257120525637121," 106.76359539748262",KOMPOR,"10 RUMAH TINGGAL, 2 SEMI PERMANEN, 0 GEDUNG, 0 GUDANG, 0 KIOS/RUKO, 0 LAINNYA",0,1,171,5484570000
202603,1,3,"KOTA ADM. JAKARTA TIMUR",CAKUNG,"UJUNG MENTENG","JL. IRIGASI BKT, RT. 15/RW. 02",-6.185197738108309," 106.9651746138137","KORSLETING LISTRIK","1 RUMAH TINGGAL, 0 SEMI PERMANEN, 0 GEDUNG, 0 GUDANG, 0 KIOS/RUKO, 0 LAINNYA",0,0,0,10000000
202603,1,3,"KOTA ADM. JAKARTA TIMUR","DUREN SAWIT","PONDOK KELAPA","JL. H. SABAH RT. 08 RW. 07 KP. TIPAR, ",-6.241526481852517," 106.92744166010056","KORSLETING LISTRIK","1 RUMAH TINGGAL, 0 SEMI PERMANEN, 0 GEDUNG, 0 GUDANG, 0 KIOS/RUKO, 0 LAINNYA",0,0,0,10000000
202603,1,3,"KOTA ADM. JAKARTA TIMUR",PULOGADUNG,"PISANGAN TIMUR","JL. PISANGAN LAMA NO 15, RT. 05 RW. 03",-6.207484822996305," 106.87819510649769","KORSLETING LISTRIK","2 RUMAH TINGGAL, 0 SEMI PERMANEN, 0 GEDUNG, 0 GUDANG, 0 KIOS/RUKO, 0 LAINNYA",0,1,0,60000000
202603,1,3,"KOTA ADM. JAKARTA TIMUR",CIRACAS,CIBUBUR,"JL. LAPANGAN TEMBAK NO. 16, RT. 002/002",-6.350937414964516," 106.88111190490896","KORSLETING LISTRIK","0 RUMAH TINGGAL, 0 SEMI PERMANEN, 0 GEDUNG, 0 GUDANG, 1 KIOS/RUKO, 0 LAINNYA",0,0,0,25000000
202603,1,3,"KOTA ADM. JAKARTA TIMUR",CAKUNG,JATINEGARA,"JL. SWADAYA (KOMPLEK PLN KLENDER) NO. 9, RT.009/RW.02",-6.208632651171849," 106.90147324566854","KORSLETING LISTRIK","6 RUMAH TINGGAL, 0 SEMI PERMANEN, 0 GEDUNG, 0 GUDANG, 0 KIOS/RUKO, 0 LAINNYA",0,1,0,120000000
202603,1,3,"KOTA ADM. JAKARTA TIMUR",MAKASAR,"HALIM PERDANA KUSUMA","KOMPLEK PERUMAHAN DIRGANTARA RT. 019 RW. 03",-6.284383801599694," 106.89885467665871","KORSLETING LISTRIK","0 RUMAH TINGGAL, 0 SEMI PERMANEN, 0 GEDUNG, 1 GUDANG, 0 KIOS/RUKO, 0 LAINNYA",0,0,0,5000000
202603,1,3,"KOTA ADM. JAKARTA TIMUR",JATINEGARA,"CIPINANG MUARA","JLN CIPINANG MUARA ILIR RT 09 RW 08",-6.216974704913804," 106.89201186726748","KOREK API","1 RUMAH TINGGAL, 0 SEMI PERMANEN, 0 GEDUNG, 0 GUDANG, 0 KIOS/RUKO, 0 LAINNYA",0,0,0,100000000
202603,1,3,"KOTA ADM. JAKARTA TIMUR","DUREN SAWIT","PONDOK BAMBU","JL. MASJID ABIDIN RT 04 RW 06",-6.229149968103951," 106.90320308780093","KORSLETING LISTRIK","0 RUMAH TINGGAL, 0 SEMI PERMANEN, 0 GEDUNG, 0 GUDANG, 2 KIOS/RUKO, 0 LAINNYA",0,0,0,500000000
202603,1,3,"KOTA ADM. JAKARTA TIMUR",CAKUNG,"PULO GEBANG","JL. PULO GEBANG NO.95, RT.6/RW.6",-6.191699334882051," 106.957625280443",GAS,"0 RUMAH TINGGAL, 0 SEMI PERMANEN, 0 GEDUNG, 0 GUDANG, 1 KIOS/RUKO, 0 LAINNYA",0,0,0,5000000
202603,1,3,"KOTA ADM. JAKARTA TIMUR",KRAMATJATI,BALEKAMBANG,"JL. GARDU NO.2 RT. 002 RW. 00",-6.283271984464685," 106.85302317887131","DIDUGA BERASAL DARI MOTOR YANG TERBAKAR ","0 RUMAH TINGGAL, 0 SEMI PERMANEN, 0 GEDUNG, 0 GUDANG, 1 KIOS/RUKO, 0 LAINNYA",0,0,0,100000000
202603,1,3,"KOTA ADM. JAKARTA TIMUR",PULOGADUNG,CIPINANG,"JL. KENALI ASAM NO 3B, RT. 001 RW. 018",-6.203694138570085," 106.88754298774118",LILIN,"1 RUMAH TINGGAL, 0 SEMI PERMANEN, 0 GEDUNG, 0 GUDANG, 0 KIOS/RUKO, 0 LAINNYA",0,1,0,80000000
202603,1,3,"KOTA ADM. JAKARTA TIMUR","PASAR REBO",GEDONG,"JL. WARU RT 08 RW 03 ",-6.224032466748393," 106.90018959872893","KORSLETING LISTRIK","1 RUMAH TINGGAL, 0 SEMI PERMANEN, 0 GEDUNG, 0 GUDANG, 0 KIOS/RUKO, 0 LAINNYA",0,0,0,30000000
202603,1,3,"KOTA ADM. JAKARTA TIMUR",CIPAYUNG,CILANGKAP,"JL. RAYA CILANGKAP  RT 02 RT 05 ",-6.339350610357157," 106.90354766464901",GAS,"0 RUMAH TINGGAL, 0 SEMI PERMANEN, 0 GEDUNG, 0 GUDANG, 1 KIOS/RUKO, 0 LAINNYA",0,0,0,30000000
202603,1,3,"KOTA ADM. JAKARTA TIMUR",JATINEGARA,"CIPINANG MUARA","JL. CIPINANG ELOK I BLOK G NO.1 RT.1 RW.10",-6.219717121413739," 106.88707136009599","KORSLETING LISTRIK","1 RUMAH TINGGAL, 0 SEMI PERMANEN, 0 GEDUNG, 0 GUDANG, 0 KIOS/RUKO, 0 LAINNYA",0,5,0,4000000000
202603,1,3,"KOTA ADM. JAKARTA UTARA",CILINCING,MARUNDA,"JL. MARUNDA GANG 4 RT 09 RW 06 NO.35  ",-6.122865708872365," 106.95792872678037","KORSLETING LISTRIK","1 RUMAH TINGGAL, 0 SEMI PERMANEN, 0 GEDUNG, 0 GUDANG, 0 KIOS/RUKO, 0 LAINNYA",0,0,0,10000000
202603,1,3,"KOTA ADM. JAKARTA UTARA",KOJA,LAGOA,"JL. LAGOA GG.1 RT.02/02 ",-6.110277666486001," 106.91516398973894",GAS,"4 RUMAH TINGGAL, 0 SEMI PERMANEN, 0 GEDUNG, 0 GUDANG, 0 KIOS/RUKO, 0 LAINNYA",0,1,0,50000000
202603,1,3,"KOTA ADM. JAKARTA UTARA",PADEMANGAN,"PADEMANGAN TIMUR","JL. RAJAWALI UTARA, RT 018/RW 010",-6.136273711620125," 106.84595226160302","KORSLETING LISTRIK","0 RUMAH TINGGAL, 0 SEMI PERMANEN, 1 GEDUNG, 0 GUDANG, 0 KIOS/RUKO, 0 LAINNYA",0,0,0,5000000
202603,1,3,"KOTA ADM. JAKARTA UTARA",CILINCING,CILINCING,"JL. CAKUNG DRAINASE RT 09/009",-6.108438329464915," 106.94049503078023","KORSLETING LISTRIK","0 RUMAH TINGGAL, 3 SEMI PERMANEN, 0 GEDUNG, 0 GUDANG, 0 KIOS/RUKO, 0 LAINNYA",0,0,0,268000000
202603,1,3,"KOTA ADM. JAKARTA UTARA",CILINCING,"SEMPER TIMUR","JL. ARJUNA A4 RT 03/009",-6.185498917172108," 106.78020730596639","KORSLETING LISTRIK","10 RUMAH TINGGAL, 0 SEMI PERMANEN, 0 GEDUNG, 0 GUDANG, 0 KIOS/RUKO, 0 LAINNYA",0,0,5,250000000
202603,1,3,"KOTA ADM. JAKARTA UTARA",CILINCING,KALIBARU,"JL. KALIBARU TIMUR LLL RT 03 RW 01 NO.35 ",-6.104202745393677," 106.9220887877128",GAS,"0 RUMAH TINGGAL, 0 SEMI PERMANEN, 0 GEDUNG, 0 GUDANG, 1 KIOS/RUKO, 0 LAINNYA",0,0,0,55000000
202603,1,3,"KOTA ADM. JAKARTA UTARA","TANJUNG PRIOK","SUNTER JAYA","JL. KEDONDONG RAYA 7 RT. 14 RW. 07, ",-6.146442591868189," 106.87401425882342","KORSLETING LISTRIK","0 RUMAH TINGGAL, 0 SEMI PERMANEN, 0 GEDUNG, 0 GUDANG, 1 KIOS/RUKO, 0 LAINNYA",0,0,0,25000000
202603,1,3,"KOTA ADM. JAKARTA UTARA","KELAPA GADING","PEGANGSAAN DUA","JL. RAYA KELAPA NIAS NO.1, RT 001 RW. 014",-6.154411823409817," 106.9107571539424",GAS,"0 RUMAH TINGGAL, 0 SEMI PERMANEN, 0 GEDUNG, 0 GUDANG, 1 KIOS/RUKO, 0 LAINNYA",0,2,0,600000000
202603,1,3,"KOTA ADM. JAKARTA UTARA",KOJA,LAGOA,"JL. MENTENG  RT 01 RW 09 KEL. LAGOA, KEC. KOJA",-6.1121411960313194," 106.91301516766724","KORSLETING LISTRIK","1 RUMAH TINGGAL, 0 SEMI PERMANEN, 0 GEDUNG, 0 GUDANG, 0 KIOS/RUKO, 0 LAINNYA",0,0,0,20000000
202603,1,3,"KOTA ADM. JAKARTA UTARA",CILINCING,"SEMPER BARAT","JLN. BELIBIS NO.6, RT 019/ RW 04",-6.1355428689157," 106.92387418245077","KORSLETING LISTRIK","1 RUMAH TINGGAL, 0 SEMI PERMANEN, 0 GEDUNG, 0 GUDANG, 0 KIOS/RUKO, 0 LAINNYA",0,0,0,150000000
202603,1,3,"KOTA ADM. JAKARTA UTARA","TANJUNG PRIOK","SUNTER AGUNG","JLN. KAMPUNG BAHARI, NO.4, RT 020/RW 01",-6.108674362333942," 106.87793538851028","KORSLETING LISTRIK","2 RUMAH TINGGAL, 0 SEMI PERMANEN, 0 GEDUNG, 0 GUDANG, 0 KIOS/RUKO, 0 LAINNYA",0,0,0,35000000
202603,1,3,"KOTA ADM. JAKARTA UTARA",PENJARINGAN,PLUIT,"JL. SEMAMPAR NO 3 RT 012 RW 011",-6.108451409560112," 106.77371602023672","KORSLETING LISTRIK","0 RUMAH TINGGAL, 0 SEMI PERMANEN, 0 GEDUNG, 1 GUDANG, 0 KIOS/RUKO, 0 LAINNYA",0,0,0,0
202603,1,3,"KOTA ADM. JAKARTA UTARA",KOJA,"TUGU UTARA","JL. TEGAL KUNIR GG. SADAR RT. 002/013 NO. 41",-6.12985383310773," 106.91599265814035","KORSLETING LISTRIK","2 RUMAH TINGGAL, 0 SEMI PERMANEN, 0 GEDUNG, 0 GUDANG, 0 KIOS/RUKO, 0 LAINNYA",0,0,0,300000000
202603,1,3,"KOTA ADM. JAKARTA UTARA",PENJARINGAN,PEJAGALAN,"JL. INSPEKSI KALI DURI RT.07/16",-6.133777236027652," 106.78624143845049",KOMPOR,"0 RUMAH TINGGAL, 1 SEMI PERMANEN, 0 GEDUNG, 0 GUDANG, 0 KIOS/RUKO, 0 LAINNYA",0,0,0,3000000
